,instant,dteday,season,yr,mnth,holiday,weekday,workingday,weathersit,temp,atemp,hum,windspeed,casual,registered,cnt
0,1,2011-01-01,spring,2011,1,Not Holiday,6,Weekend/Holiday,Mist Cloudy,14.110847,18.18125,80.58330000000001,10.749882,331.0,654,985.0
1,2,2011-01-02,spring,2011,1,Not Holiday,0,Weekend/Holiday,Mist Cloudy,14.902598000000001,17.686950000000003,69.6087,16.652113,131.0,670,801.0
2,3,2011-01-03,spring,2011,1,Not Holiday,1,Workingday,Clear Cloudy,8.050924,9.47025,43.7273,16.636703,120.0,1229,1349.0
3,4,2011-01-04,spring,2011,1,Not Holiday,2,Workingday,Clear Cloudy,8.200000000000001,10.6061,59.0435,10.739832,108.0,1454,1562.0
4,5,2011-01-05,spring,2011,1,Not Holiday,3,Workingday,Clear Cloudy,9.305237,11.4635,43.695699999999995,12.522300000000001,82.0,1518,1600.0
5,6,2011-01-06,spring,2011,1,Not Holiday,4,Workingday,Clear Cloudy,8.378268,11.66045,51.8261,6.0008684,88.0,1518,1606.0
6,7,2011-01-07,spring,2011,1,Not Holiday,5,Workingday,Mist Cloudy,8.057402,10.44195,49.8696,11.304642,148.0,1362,1510.0
7,8,2011-01-08,spring,2011,1,Not Holiday,6,Weekend/Holiday,Mist Cloudy,6.765000000000001,8.1127,53.5833,17.875868,68.0,891,959.0
8,9,2011-01-09,spring,2011,1,Not Holiday,0,Weekend/Holiday,Clear Cloudy,5.671653,5.80875,43.416700000000006,24.25065,54.0,768,822.0
9,10,2011-01-10,spring,2011,1,Not Holiday,1,Workingday,Clear Cloudy,6.184153,7.5443999999999996,48.2917,14.958889,41.0,1280,1321.0
10,11,2011-01-11,spring,2011,1,Not Holiday,2,Workingday,Mist Cloudy,6.9327309999999995,9.5732,68.6364,8.182844000000001,43.0,1220,1263.0
11,12,2011-01-12,spring,2011,1,Not Holiday,3,Workingday,Clear Cloudy,7.0818069999999995,8.02365,59.954499999999996,20.410009,25.0,1137,1162.0
12,13,2011-01-13,spring,2011,1,Not Holiday,4,Workingday,Clear Cloudy,6.765000000000001,7.544149999999999,47.0417,20.166999999999998,38.0,1368,1406.0
13,14,2011-01-14,spring,2011,1,Not Holiday,5,Workingday,Clear Cloudy,6.59567,9.42065,53.7826,8.478716,54.0,1367,1421.0
14,15,2011-01-15,spring,2011,1,Not Holiday,6,Weekend/Holiday,Mist Cloudy,9.566653,12.4056,49.875,10.583521,222.0,1026,1248.0
15,16,2011-01-16,spring,2011,1,Not Holiday,0,Weekend/Holiday,Clear Cloudy,9.498347,11.71085,48.375,12.625010999999999,251.0,953,1204.0
16,17,2011-01-17,spring,2011,1,Not Holiday,1,Weekend/Holiday,Mist Cloudy,7.209153,8.838550000000001,53.75,12.999139,117.0,883,1000.0
17,18,2011-01-18,spring,2011,1,Not Holiday,2,Workingday,Mist Cloudy,8.883347,11.61665,86.16669999999999,9.833924999999999,9.0,674,683.0
18,19,2011-01-19,spring,2011,1,Not Holiday,3,Workingday,Mist Cloudy,11.979134,14.921100000000001,74.1739,13.957239,78.0,1572,1650.0
19,20,2011-01-20,spring,2011,1,Not Holiday,4,Workingday,Mist Cloudy,10.728347,12.7525,53.833299999999994,13.125568,83.0,1844,1927.0
20,21,2011-01-21,spring,2011,1,Not Holiday,5,Workingday,Clear Cloudy,7.2775,7.89165,45.7083,23.667214,75.0,1468,1543.0
21,22,2011-01-22,spring,2011,1,Not Holiday,6,Weekend/Holiday,Clear Cloudy,2.4243464,3.9534800000000003,40.0,11.52199,93.0,888,981.0
22,23,2011-01-23,spring,2011,1,Not Holiday,0,Weekend/Holiday,Clear Cloudy,3.9573897000000002,4.941955,43.6522,16.5222,150.0,836,986.0
23,24,2011-01-24,spring,2011,1,Not Holiday,1,Workingday,Clear Cloudy,3.9930433,5.8965,49.173899999999996,10.60811,86.0,1330,1416.0
24,25,2011-01-25,spring,2011,1,Not Holiday,2,Workingday,Mist Cloudy,9.162598000000001,11.7263,61.695699999999995,8.696332,186.0,1799,1985.0
25,26,2011-01-26,spring,2011,1,Not Holiday,3,Workingday,Light Rain/Snow,8.9175,10.18,86.25,19.68795,34.0,472,506.0
26,27,2011-01-27,spring,2011,1,Not Holiday,4,Workingday,Clear Cloudy,7.995,10.985,68.75,7.627078999999999,15.0,416,431.0
27,28,2011-01-28,spring,2011,1,Not Holiday,5,Workingday,Mist Cloudy,8.342597999999999,11.165849999999999,79.30430000000001,8.2611,38.0,1129,1167.0
28,29,2011-01-29,spring,2011,1,Not Holiday,6,Weekend/Holiday,Clear Cloudy,8.057402,10.606300000000001,65.17389999999999,9.739455,123.0,975,1098.0
29,30,2011-01-30,spring,2011,1,Not Holiday,0,Weekend/Holiday,Clear Cloudy,8.877402,12.5161,72.2174,4.956834199999999,140.0,956,1096.0
30,31,2011-01-31,spring,2011,1,Not Holiday,1,Workingday,Mist Cloudy,7.414153,9.3125,60.375,12.541864,42.0,1459,1501.0
31,32,2011-02-01,spring,2011,2,Not Holiday,2,Workingday,Mist Cloudy,7.8791340000000005,11.7265,82.9565,3.565271,47.0,1313,1360.0
32,33,2011-02-02,spring,2011,2,Not Holiday,3,Workingday,Mist Cloudy,10.66,12.72085,77.5417,17.708636,72.0,1454,1526.0
33,34,2011-02-03,spring,2011,2,Not Holiday,4,Workingday,Clear Cloudy,7.665237,8.8939,43.7826,18.609384,61.0,1489,1550.0
34,35,2011-02-04,spring,2011,2,Not Holiday,5,Workingday,Mist Cloudy,8.663464,11.429350000000001,58.521699999999996,8.565213,88.0,1620,1708.0
35,36,2011-02-05,spring,2011,2,Not Holiday,6,Weekend/Holiday,Mist Cloudy,9.566653,12.152899999999999,92.91669999999999,10.792293,100.0,905,1005.0
36,37,2011-02-06,spring,2011,2,Not Holiday,0,Weekend/Holiday,Clear Cloudy,11.719153,14.58355,56.833299999999994,9.5006,354.0,1269,1623.0
37,38,2011-02-07,spring,2011,2,Not Holiday,1,Workingday,Clear Cloudy,11.138347,15.1829,73.83330000000001,3.0423561,120.0,1592,1712.0
38,39,2011-02-08,spring,2011,2,Not Holiday,2,Workingday,Clear Cloudy,9.054153,9.9123,53.7917,24.25065,64.0,1466,1530.0
39,40,2011-02-09,spring,2011,2,Not Holiday,3,Workingday,Mist Cloudy,5.526102999999999,7.21415,49.4783,12.652213,53.0,1552,1605.0
40,41,2011-02-10,spring,2011,2,Not Holiday,4,Workingday,Clear Cloudy,5.918268,7.477399999999999,43.7391,14.869645,47.0,1491,1538.0
41,42,2011-02-11,spring,2011,2,Not Holiday,5,Workingday,Clear Cloudy,7.752731000000001,10.67545,50.6364,7.272849999999999,149.0,1597,1746.0
42,43,2011-02-12,spring,2011,2,Not Holiday,6,Weekend/Holiday,Clear Cloudy,9.1225,11.6477,54.4167,13.625589,288.0,1184,1472.0
43,44,2011-02-13,spring,2011,2,Not Holiday,0,Weekend/Holiday,Clear Cloudy,12.977402000000001,16.20565,45.7391,17.479160999999998,397.0,1192,1589.0
44,45,2011-02-14,spring,2011,2,Not Holiday,1,Workingday,Clear Cloudy,17.015,19.9175,37.583299999999994,25.50095375,208.0,1705,1913.0
45,46,2011-02-15,spring,2011,2,Not Holiday,2,Workingday,Clear Cloudy,10.909567000000001,12.7137,31.434800000000003,19.522058,140.0,1675,1815.0
46,47,2011-02-16,spring,2011,2,Not Holiday,3,Workingday,Clear Cloudy,13.048701000000001,15.809999999999999,42.3478,16.869996999999998,218.0,1897,2115.0
47,48,2011-02-17,spring,2011,2,Not Holiday,4,Workingday,Clear Cloudy,17.869153,21.4329,50.5,15.416968,259.0,2216,2475.0
48,49,2011-02-18,spring,2011,2,Not Holiday,5,Workingday,Clear Cloudy,21.388347,25.599149999999998,51.6667,17.749975000000003,579.0,2348,2927.0
49,50,2011-02-19,spring,2011,2,Not Holiday,6,Weekend/Holiday,Clear Cloudy,16.365847,19.5702,18.7917,25.50095375,532.0,1103,1635.0
50,51,2011-02-20,spring,2011,2,Not Holiday,0,Weekend/Holiday,Clear Cloudy,11.693897,13.8665,40.7826,14.956745,639.0,1173,1812.0
51,52,2011-02-21,spring,2011,2,Not Holiday,1,Weekend/Holiday,Mist Cloudy,12.436653000000002,14.203750000000001,60.5,20.625682,195.0,912,1107.0
52,53,2011-02-22,spring,2011,2,Not Holiday,2,Workingday,Clear Cloudy,7.471102,9.30165,57.7778,13.110761,74.0,1376,1450.0
53,54,2011-02-23,spring,2011,2,Not Holiday,3,Workingday,Clear Cloudy,9.091299,12.28585,42.3043,6.3055710000000005,139.0,1778,1917.0
54,55,2011-02-24,spring,2011,2,Not Holiday,4,Workingday,Mist Cloudy,12.121732000000002,14.459549999999998,69.7391,16.783231999999998,100.0,1707,1807.0
55,56,2011-02-25,spring,2011,2,Not Holiday,5,Workingday,Mist Cloudy,14.938268,17.52305,71.2174,23.218113,120.0,1341,1461.0
56,57,2011-02-26,spring,2011,2,Not Holiday,6,Weekend/Holiday,Clear Cloudy,11.5825,14.1096,53.7917,12.500257,424.0,1545,1969.0
57,58,2011-02-27,spring,2011,2,Not Holiday,0,Weekend/Holiday,Clear Cloudy,14.082598,17.55545,68.0,8.391615999999999,694.0,1708,2402.0
58,59,2011-02-28,spring,2011,2,Not Holiday,1,Workingday,Mist Cloudy,16.698193,20.005899999999997,87.63640000000001,19.408962,81.0,1365,1446.0
59,60,2011-03-01,spring,2011,3,Not Holiday,2,Workingday,Clear Cloudy,10.933347,13.19395,53.5,14.500475,137.0,1714,1851.0
60,61,2011-03-02,spring,2011,3,Not Holiday,3,Workingday,Clear Cloudy,13.735000000000001,16.00355,44.9583,20.624811,231.0,1903,2134.0
61,62,2011-03-03,spring,2011,3,Not Holiday,4,Workingday,Clear Cloudy,8.131653,10.00665,31.833299999999998,15.125518000000001,123.0,1562,1685.0
62,63,2011-03-04,spring,2011,3,Not Holiday,5,Workingday,Mist Cloudy,10.728347,12.783949999999999,61.0417,13.624182,214.0,1730,1944.0
63,64,2011-03-05,spring,2011,3,Not Holiday,6,Weekend/Holiday,Mist Cloudy,15.750846999999998,18.93895,78.91669999999999,16.875357,640.0,1437,2077.0
64,65,2011-03-06,spring,2011,3,Not Holiday,0,Weekend/Holiday,Mist Cloudy,15.437402,18.3126,94.8261,23.000229,114.0,491,605.0
65,66,2011-03-07,spring,2011,3,Not Holiday,1,Workingday,Clear Cloudy,10.731299,11.92305,55.1304,22.870584,244.0,1628,1872.0
66,67,2011-03-08,spring,2011,3,Not Holiday,2,Workingday,Clear Cloudy,11.9925,15.120000000000001,42.0833,8.083549999999999,316.0,1817,2133.0
67,68,2011-03-09,spring,2011,3,Not Holiday,3,Workingday,Mist Cloudy,12.129153,14.3304,77.5417,14.750050000000002,191.0,1700,1891.0
68,69,2011-03-10,spring,2011,3,Not Holiday,4,Workingday,Light Rain/Snow,15.952731,19.2834,0.0,17.545759,46.0,577,623.0
69,70,2011-03-11,spring,2011,3,Not Holiday,5,Workingday,Mist Cloudy,12.977402000000001,15.25,64.95649999999999,15.60899,247.0,1730,1977.0
70,71,2011-03-12,spring,2011,3,Not Holiday,6,Weekend/Holiday,Clear Cloudy,13.495847,16.287499999999998,59.458299999999994,14.791924999999999,724.0,1408,2132.0
71,72,2011-03-13,spring,2011,3,Not Holiday,0,Weekend/Holiday,Clear Cloudy,15.758268000000001,19.004550000000002,52.73910000000001,18.130468,982.0,1435,2417.0
72,73,2011-03-14,spring,2011,3,Not Holiday,1,Workingday,Clear Cloudy,13.333896999999999,16.6,49.695699999999995,9.174042,359.0,1687,2046.0
73,74,2011-03-15,spring,2011,3,Not Holiday,2,Workingday,Mist Cloudy,13.013031,15.908900000000001,65.5652,12.348703,289.0,1767,2056.0
74,75,2011-03-16,spring,2011,3,Not Holiday,3,Workingday,Mist Cloudy,14.973897000000001,18.3465,77.65220000000001,13.608839,321.0,1871,2192.0
75,76,2011-03-17,spring,2011,3,Not Holiday,4,Workingday,Clear Cloudy,17.015,20.51665,60.291700000000006,14.041792999999998,424.0,2320,2744.0
76,77,2011-03-18,spring,2011,3,Not Holiday,5,Workingday,Clear Cloudy,22.14,26.35045,52.5217,15.478139,884.0,2355,3239.0
77,78,2011-03-19,spring,2011,3,Not Holiday,6,Weekend/Holiday,Clear Cloudy,19.3725,23.32625,37.9167,24.667189,1424.0,1693,3117.0
78,79,2011-03-20,spring,2011,3,Not Holiday,0,Weekend/Holiday,Clear Cloudy,13.6325,16.287499999999998,47.375,13.917307,1047.0,1424,2471.0
79,80,2011-03-21,summer,2011,3,Not Holiday,1,Workingday,Mist Cloudy,17.647835,20.48675,73.73910000000001,19.348461,401.0,1676,2077.0
80,81,2011-03-22,summer,2011,3,Not Holiday,2,Workingday,Clear Cloudy,18.108347,22.0321,62.4583,15.125250000000001,460.0,2243,2703.0
81,82,2011-03-23,summer,2011,3,Not Holiday,3,Workingday,Mist Cloudy,14.225237,16.89695,83.9565,15.695487,203.0,1918,2121.0
82,83,2011-03-24,summer,2011,3,Not Holiday,4,Workingday,Mist Cloudy,11.684999999999999,13.541649999999999,80.58330000000001,16.333729,166.0,1699,1865.0
83,84,2011-03-25,summer,2011,3,Not Holiday,5,Workingday,Clear Cloudy,10.830846999999999,12.8156,49.5,15.458575000000002,300.0,1910,2210.0
84,85,2011-03-26,summer,2011,3,Not Holiday,6,Weekend/Holiday,Clear Cloudy,10.899153,12.87855,39.4167,14.041257,981.0,1515,2496.0
85,86,2011-03-27,summer,2011,3,Not Holiday,0,Weekend/Holiday,Mist Cloudy,10.374763000000002,12.51695,49.3913,12.348099999999999,472.0,1221,1693.0
86,87,2011-03-28,summer,2011,3,Not Holiday,1,Workingday,Clear Cloudy,10.838268000000001,12.878700000000002,30.2174,14.217668,222.0,1806,2028.0
87,88,2011-03-29,summer,2011,3,Not Holiday,2,Workingday,Clear Cloudy,12.4025,14.6454,31.4167,15.208732,317.0,2108,2425.0
88,89,2011-03-30,summer,2011,3,Not Holiday,3,Workingday,Mist Cloudy,12.299999999999999,14.8675,64.6667,11.583495999999998,168.0,1368,1536.0
89,90,2011-03-31,summer,2011,3,Not Holiday,4,Workingday,Light Rain/Snow,11.001653,12.87875,91.8333,14.582282000000001,179.0,1506,1685.0
90,91,2011-04-01,summer,2011,4,Not Holiday,5,Workingday,Mist Cloudy,12.299999999999999,14.172699999999999,68.625,17.333436,307.0,1920,2227.0
91,92,2011-04-02,summer,2011,4,Not Holiday,6,Weekend/Holiday,Mist Cloudy,12.915000000000001,15.78185,65.375,13.208782,898.0,1354,2252.0
92,93,2011-04-03,summer,2011,4,Not Holiday,0,Weekend/Holiday,Clear Cloudy,15.511652999999999,18.93835,48.0,12.208271000000002,1651.0,1598,3249.0
93,94,2011-04-04,summer,2011,4,Not Holiday,1,Workingday,Clear Cloudy,23.506653,27.14645,42.625,25.50095375,734.0,2381,3115.0
94,95,2011-04-05,summer,2011,4,Not Holiday,2,Workingday,Mist Cloudy,16.980847,19.9175,64.2083,25.50095375,167.0,1628,1795.0
95,96,2011-04-06,summer,2011,4,Not Holiday,3,Workingday,Clear Cloudy,16.024153,19.3804,47.0833,17.625221,413.0,2395,2808.0
96,97,2011-04-07,summer,2011,4,Not Holiday,4,Workingday,Clear Cloudy,17.9375,21.684800000000003,60.291700000000006,10.874904,571.0,2570,3141.0
97,98,2011-04-08,summer,2011,4,Not Holiday,5,Workingday,Mist Cloudy,13.769153,16.223950000000002,83.625,15.208464,172.0,1299,1471.0
98,99,2011-04-09,summer,2011,4,Not Holiday,6,Weekend/Holiday,Mist Cloudy,14.0425,17.07645,87.75,8.916561,879.0,1576,2455.0
99,100,2011-04-10,summer,2011,4,Not Holiday,0,Weekend/Holiday,Mist Cloudy,17.493347,21.33685,85.75,9.833389,1188.0,1707,2895.0
100,101,2011-04-11,summer,2011,4,Not Holiday,1,Workingday,Mist Cloudy,24.421732,28.260849999999998,71.6956,21.739758,855.0,2493,3348.0
101,102,2011-04-12,summer,2011,4,Not Holiday,2,Workingday,Mist Cloudy,20.6025,24.6527,73.9167,18.416892999999998,257.0,1777,2034.0
102,103,2011-04-13,summer,2011,4,Not Holiday,3,Workingday,Mist Cloudy,16.912499999999998,20.864150000000002,81.91669999999999,16.791338999999997,209.0,1953,2162.0
103,104,2011-04-14,summer,2011,4,Not Holiday,4,Workingday,Clear Cloudy,19.1675,23.1371,54.041700000000006,7.4169,529.0,2738,3267.0
104,105,2011-04-15,summer,2011,4,Not Holiday,5,Weekend/Holiday,Clear Cloudy,18.313347,22.09565,67.125,15.167124999999999,642.0,2484,3126.0
105,106,2011-04-16,summer,2011,4,Not Holiday,6,Weekend/Holiday,Light Rain/Snow,17.664153000000002,21.2746,88.83330000000001,22.834136,121.0,674,795.0
106,107,2011-04-17,summer,2011,4,Not Holiday,0,Weekend/Holiday,Clear Cloudy,18.723347,22.2848,47.9583,20.334232,1558.0,2186,3744.0
107,108,2011-04-18,summer,2011,4,Not Holiday,1,Workingday,Clear Cloudy,21.0125,25.1573,54.25,10.958988999999999,669.0,2760,3429.0
108,109,2011-04-19,summer,2011,4,Not Holiday,2,Workingday,Mist Cloudy,20.739152999999998,24.4629,66.5833,10.584057,409.0,2795,3204.0
109,110,2011-04-20,summer,2011,4,Not Holiday,3,Workingday,Clear Cloudy,24.395,28.2196,61.4167,16.208975,613.0,3331,3944.0
110,111,2011-04-21,summer,2011,4,Not Holiday,4,Workingday,Clear Cloudy,18.825847,22.6946,40.708299999999994,21.792286,745.0,3444,4189.0
111,112,2011-04-22,summer,2011,4,Not Holiday,5,Workingday,Mist Cloudy,13.803347,16.0977,72.9583,14.707906999999999,177.0,1506,1683.0
112,113,2011-04-23,summer,2011,4,Not Holiday,6,Weekend/Holiday,Mist Cloudy,18.86,22.50605,88.79169999999999,15.458575000000002,1462.0,2574,4036.0
113,114,2011-04-24,summer,2011,4,Not Holiday,0,Weekend/Holiday,Mist Cloudy,23.848347,27.58815,81.08330000000001,12.875725000000001,1710.0,2481,4191.0
114,115,2011-04-25,summer,2011,4,Not Holiday,1,Workingday,Clear Cloudy,24.873347,28.725,77.6667,12.417311,773.0,3300,4073.0
115,116,2011-04-26,summer,2011,4,Not Holiday,2,Workingday,Clear Cloudy,25.898346999999998,29.704150000000002,72.9167,21.875500000000002,678.0,3722,4400.0
116,117,2011-04-27,summer,2011,4,Not Holiday,3,Workingday,Mist Cloudy,25.419999999999998,28.7571,83.54169999999999,20.917399999999997,547.0,3325,3872.0
117,118,2011-04-28,summer,2011,4,Not Holiday,4,Workingday,Mist Cloudy,25.317500000000003,28.946450000000002,70.08330000000001,21.500836000000003,569.0,3489,4058.0
118,119,2011-04-29,summer,2011,4,Not Holiday,5,Workingday,Clear Cloudy,20.91,24.87315,45.7083,16.084221,878.0,3717,4595.0
119,120,2011-04-30,summer,2011,4,Not Holiday,6,Weekend/Holiday,Clear Cloudy,19.3725,23.201050000000002,50.3333,15.750025,1965.0,3347,5312.0
120,121,2011-05-01,summer,2011,5,Not Holiday,0,Weekend/Holiday,Mist Cloudy,18.518347,22.4102,76.2083,7.125718,1138.0,2213,3351.0
121,122,2011-05-02,summer,2011,5,Not Holiday,1,Workingday,Mist Cloudy,22.515846999999997,26.64165,73.0,12.291418,847.0,3554,4401.0
122,123,2011-05-03,summer,2011,5,Not Holiday,2,Workingday,Mist Cloudy,25.283347,29.10395,69.7083,22.958689,603.0,3848,4451.0
123,124,2011-05-04,summer,2011,5,Not Holiday,3,Workingday,Mist Cloudy,16.980847,20.2325,73.70830000000001,22.042732,255.0,2378,2633.0
124,125,2011-05-05,summer,2011,5,Not Holiday,4,Workingday,Clear Cloudy,18.825847,22.09585,44.4167,19.791263999999998,614.0,3819,4433.0
125,126,2011-05-06,summer,2011,5,Not Holiday,5,Workingday,Clear Cloudy,19.645847,23.70585,59.0,15.292482,894.0,3714,4608.0
126,127,2011-05-07,summer,2011,5,Not Holiday,6,Weekend/Holiday,Clear Cloudy,21.32,25.63105,54.125,10.750150000000001,1612.0,3102,4714.0
127,128,2011-05-08,summer,2011,5,Not Holiday,0,Weekend/Holiday,Clear Cloudy,21.661653,25.946649999999998,63.1667,5.0007125,1401.0,2932,4333.0
128,129,2011-05-09,summer,2011,5,Not Holiday,1,Workingday,Clear Cloudy,21.8325,26.2623,58.875,11.792,664.0,3698,4362.0
129,130,2011-05-10,summer,2011,5,Not Holiday,2,Workingday,Clear Cloudy,21.8325,26.13605,48.9167,7.749956999999999,694.0,4109,4803.0
130,131,2011-05-11,summer,2011,5,Not Holiday,3,Workingday,Clear Cloudy,22.2425,26.419999999999998,63.29169999999999,8.083014,550.0,3632,4182.0
131,132,2011-05-12,summer,2011,5,Not Holiday,4,Workingday,Clear Cloudy,21.935000000000002,26.16815,74.75,12.707689,695.0,4169,4864.0
132,133,2011-05-13,summer,2011,5,Not Holiday,5,Workingday,Mist Cloudy,21.0125,24.715,86.33330000000001,12.041575,692.0,3413,4105.0
133,134,2011-05-14,summer,2011,5,Not Holiday,6,Weekend/Holiday,Mist Cloudy,21.354153,25.03145,92.25,9.041649999999999,902.0,2507,3409.0
134,135,2011-05-15,summer,2011,5,Not Holiday,0,Weekend/Holiday,Mist Cloudy,23.0625,26.8,86.70830000000001,10.249593,1582.0,2971,4553.0
135,136,2011-05-16,summer,2011,5,Not Holiday,1,Workingday,Clear Cloudy,23.677500000000002,27.5256,78.79169999999999,8.500357000000001,773.0,3185,3958.0
136,137,2011-05-17,summer,2011,5,Not Holiday,2,Workingday,Mist Cloudy,23.028347,26.926450000000003,83.7917,18.582718,678.0,3445,4123.0
137,138,2011-05-18,summer,2011,5,Not Holiday,3,Workingday,Mist Cloudy,22.55,26.3579,87.0,13.499964,536.0,3319,3855.0
138,139,2011-05-19,summer,2011,5,Not Holiday,4,Workingday,Mist Cloudy,21.764153,25.537100000000002,82.9583,7.250271000000001,735.0,3840,4575.0
139,140,2011-05-20,summer,2011,5,Not Holiday,5,Workingday,Clear Cloudy,22.003347,26.4521,71.9583,8.375871,909.0,4008,4917.0
140,141,2011-05-21,summer,2011,5,Not Holiday,6,Weekend/Holiday,Clear Cloudy,24.7025,28.59875,62.6667,8.083549999999999,2258.0,3547,5805.0
141,142,2011-05-22,summer,2011,5,Not Holiday,0,Weekend/Holiday,Clear Cloudy,24.770847,28.725,74.9583,9.916536,1576.0,3084,4660.0
142,143,2011-05-23,summer,2011,5,Not Holiday,1,Workingday,Mist Cloudy,25.898346999999998,29.5148,81.0,15.667413999999999,836.0,3438,4274.0
143,144,2011-05-24,summer,2011,5,Not Holiday,2,Workingday,Mist Cloudy,27.060000000000002,30.240650000000002,74.0833,13.875164,659.0,3833,4492.0
144,145,2011-05-25,summer,2011,5,Not Holiday,3,Workingday,Clear Cloudy,27.094153,30.7771,69.625,10.333611000000001,740.0,4238,4978.0
145,146,2011-05-26,summer,2011,5,Not Holiday,4,Workingday,Clear Cloudy,29.041653,32.7344,67.75,13.376014,758.0,3919,4677.0
146,147,2011-05-27,summer,2011,5,Not Holiday,5,Workingday,Clear Cloudy,27.948347000000002,31.8504,65.375,16.125493,871.0,3808,4679.0
147,148,2011-05-28,summer,2011,5,Not Holiday,6,Weekend/Holiday,Clear Cloudy,26.889153,30.61895,72.9583,15.416164,2001.0,2757,4758.0
148,149,2011-05-29,summer,2011,5,Not Holiday,0,Weekend/Holiday,Clear Cloudy,27.3675,30.777500000000003,81.875,14.333846,2266.75,2433,4699.75
149,150,2011-05-30,summer,2011,5,Not Holiday,1,Weekend/Holiday,Clear Cloudy,30.066653000000002,33.5546,68.5,8.792075,1549.0,2549,4098.0
150,151,2011-05-31,summer,2011,5,Not Holiday,2,Workingday,Clear Cloudy,31.775000000000002,36.26915,63.6667,7.459042999999999,673.0,3309,3982.0
151,152,2011-06-01,summer,2011,6,Not Holiday,3,Workingday,Mist Cloudy,31.330847000000002,36.04835,67.7083,13.875164,513.0,3461,3974.0
152,153,2011-06-02,summer,2011,6,Not Holiday,4,Workingday,Clear Cloudy,29.314999999999998,32.1971,30.5,19.583229000000003,736.0,4232,4968.0
153,154,2011-06-03,summer,2011,6,Not Holiday,5,Workingday,Clear Cloudy,25.419999999999998,29.356650000000002,35.4167,16.959107,898.0,4414,5312.0
154,155,2011-06-04,summer,2011,6,Not Holiday,6,Weekend/Holiday,Clear Cloudy,26.035,29.7348,45.625,8.250514,1869.0,3473,5342.0
155,156,2011-06-05,summer,2011,6,Not Holiday,0,Weekend/Holiday,Mist Cloudy,26.581653000000003,30.8402,65.25,9.292364000000001,1685.0,3221,4906.0
156,157,2011-06-06,summer,2011,6,Not Holiday,1,Workingday,Clear Cloudy,27.811653,31.0929,60.0,8.167032,673.0,3875,4548.0
157,158,2011-06-07,summer,2011,6,Not Holiday,2,Workingday,Clear Cloudy,29.0075,32.7975,59.791700000000006,12.583136,763.0,4070,4833.0
158,159,2011-06-08,summer,2011,6,Not Holiday,3,Workingday,Clear Cloudy,31.809153,36.36395,62.20830000000001,9.166739,676.0,3725,4401.0
159,160,2011-06-09,summer,2011,6,Not Holiday,4,Workingday,Mist Cloudy,33.141653,37.87895,56.833299999999994,10.042161,563.0,3352,3915.0
160,161,2011-06-10,summer,2011,6,Not Holiday,5,Workingday,Clear Cloudy,30.955000000000002,35.1646,60.5,9.417118,815.0,3771,4586.0
161,162,2011-06-11,summer,2011,6,Not Holiday,6,Weekend/Holiday,Clear Cloudy,29.724999999999998,33.901900000000005,65.45830000000001,10.374949999999998,1729.0,3237,4966.0
162,163,2011-06-12,summer,2011,6,Not Holiday,0,Weekend/Holiday,Clear Cloudy,28.392500000000002,32.166250000000005,74.7917,10.958988999999999,1467.0,2993,4460.0
163,164,2011-06-13,summer,2011,6,Not Holiday,1,Workingday,Clear Cloudy,26.035,30.082700000000003,49.4583,20.45845,863.0,4157,5020.0
164,165,2011-06-14,summer,2011,6,Not Holiday,2,Workingday,Clear Cloudy,24.770847,29.5773,50.708299999999994,18.041961,727.0,4164,4891.0
165,166,2011-06-15,summer,2011,6,Not Holiday,3,Workingday,Clear Cloudy,25.693347,29.3877,47.1667,11.250104,769.0,4411,5180.0
166,167,2011-06-16,summer,2011,6,Not Holiday,4,Workingday,Mist Cloudy,25.761653000000003,29.767300000000002,68.8333,13.833556999999999,545.0,3222,3767.0
167,168,2011-06-17,summer,2011,6,Not Holiday,5,Workingday,Clear Cloudy,26.615847000000002,30.01915,73.5833,9.582942999999998,863.0,3981,4844.0
168,169,2011-06-18,summer,2011,6,Not Holiday,6,Weekend/Holiday,Clear Cloudy,28.563347,32.197700000000005,67.0417,8.000336,1807.0,3312,5119.0
169,170,2011-06-19,summer,2011,6,Not Holiday,0,Weekend/Holiday,Mist Cloudy,28.665847,32.292300000000004,66.6667,6.834,1639.0,3105,4744.0
170,171,2011-06-20,summer,2011,6,Not Holiday,1,Workingday,Mist Cloudy,26.035,29.767300000000002,74.625,10.416825,699.0,3311,4010.0
171,172,2011-06-21,fall,2011,6,Not Holiday,2,Workingday,Mist Cloudy,27.914153000000002,31.8823,77.0417,11.458675000000001,774.0,4061,4835.0
172,173,2011-06-22,fall,2011,6,Not Holiday,3,Workingday,Clear Cloudy,30.066653000000002,34.69145,70.75,11.541554,661.0,3846,4507.0
173,174,2011-06-23,fall,2011,6,Not Holiday,4,Workingday,Mist Cloudy,29.861653,34.69165,70.3333,15.999868,746.0,4044,4790.0
174,175,2011-06-24,fall,2011,6,Not Holiday,5,Workingday,Clear Cloudy,29.690847,32.82915,57.3333,14.875675,969.0,4022,4991.0
175,176,2011-06-25,fall,2011,6,Not Holiday,6,Weekend/Holiday,Clear Cloudy,28.494999999999997,32.16565,48.3333,14.041257,1782.0,3420,5202.0
176,177,2011-06-26,fall,2011,6,Not Holiday,0,Weekend/Holiday,Clear Cloudy,27.880000000000003,31.88145,51.3333,6.3337311,1920.0,3385,5305.0
177,178,2011-06-27,fall,2011,6,Not Holiday,1,Workingday,Mist Cloudy,27.982499999999998,31.8502,65.8333,7.2083960000000005,854.0,3854,4708.0
178,179,2011-06-28,fall,2011,6,Not Holiday,2,Workingday,Clear Cloudy,30.510847000000002,34.6279,63.416700000000006,9.666960999999999,732.0,3916,4648.0
179,180,2011-06-29,fall,2011,6,Not Holiday,3,Workingday,Clear Cloudy,29.861653,32.7344,49.7917,17.542007,848.0,4377,5225.0
180,181,2011-06-30,fall,2011,6,Not Holiday,4,Workingday,Clear Cloudy,28.563347,31.8504,43.416700000000006,12.415904000000001,1027.0,4488,5515.0
181,182,2011-07-01,fall,2011,7,Not Holiday,5,Workingday,Clear Cloudy,29.622500000000002,32.6081,39.625,6.874736,1246.0,4116,5362.0
182,183,2011-07-02,fall,2011,7,Not Holiday,6,Weekend/Holiday,Clear Cloudy,30.271653,33.3654,44.4583,7.709154,2204.0,2915,5119.0
183,184,2011-07-03,fall,2011,7,Not Holiday,0,Weekend/Holiday,Mist Cloudy,29.383347,33.42875,68.25,15.333486,2266.75,2367,4633.75
184,185,2011-07-04,fall,2011,7,Not Holiday,1,Weekend/Holiday,Mist Cloudy,29.793346999999997,33.27085,63.7917,5.4591064000000005,2266.75,2978,5244.75
185,186,2011-07-05,fall,2011,7,Not Holiday,2,Workingday,Clear Cloudy,30.613346999999997,34.816900000000004,59.0417,8.459286,1031.0,3634,4665.0
186,187,2011-07-06,fall,2011,7,Not Holiday,3,Workingday,Clear Cloudy,29.52,34.28165,74.33330000000001,10.042161,784.0,3845,4629.0
187,188,2011-07-07,fall,2011,7,Not Holiday,4,Workingday,Clear Cloudy,30.75,34.34355,65.125,10.666400000000001,754.0,3838,4592.0
188,189,2011-07-08,fall,2011,7,Not Holiday,5,Workingday,Mist Cloudy,29.075847,33.524150000000006,75.79169999999999,15.083643,692.0,3348,4040.0
189,190,2011-07-09,fall,2011,7,Not Holiday,6,Weekend/Holiday,Clear Cloudy,30.066653000000002,33.2079,60.9167,11.250104,1988.0,3348,5336.0
190,191,2011-07-10,fall,2011,7,Not Holiday,0,Weekend/Holiday,Clear Cloudy,30.6475,34.50125,57.8333,12.292557,1743.0,3138,4881.0
191,192,2011-07-11,fall,2011,7,Not Holiday,1,Workingday,Clear Cloudy,31.2625,36.4902,63.5833,18.916579,723.0,3363,4086.0
192,193,2011-07-12,fall,2011,7,Not Holiday,2,Workingday,Clear Cloudy,32.560846999999995,36.96375,55.9167,13.417017999999999,662.0,3596,4258.0
193,194,2011-07-13,fall,2011,7,Not Holiday,3,Workingday,Clear Cloudy,30.613346999999997,34.4702,63.1667,9.790911000000001,748.0,3594,4342.0
194,195,2011-07-14,fall,2011,7,Not Holiday,4,Workingday,Clear Cloudy,27.914153000000002,31.7552,47.625,16.124689,888.0,4196,5084.0
195,196,2011-07-15,fall,2011,7,Not Holiday,5,Workingday,Clear Cloudy,27.196652999999998,31.21855,59.12500000000001,12.249811,1318.0,4220,5538.0
196,197,2011-07-16,fall,2011,7,Not Holiday,6,Weekend/Holiday,Clear Cloudy,28.153347,31.91315,58.5,13.958914,2266.75,3505,5771.75
197,198,2011-07-17,fall,2011,7,Not Holiday,0,Weekend/Holiday,Clear Cloudy,29.485847,33.49165,60.4167,16.417211,2006.0,3296,5302.0
198,199,2011-07-18,fall,2011,7,Not Holiday,1,Workingday,Clear Cloudy,30.613346999999997,35.19625,65.125,14.458867999999999,841.0,3617,4458.0
199,200,2011-07-19,fall,2011,7,Not Holiday,2,Workingday,Clear Cloudy,31.843347,37.37395,65.0417,8.7502,752.0,3789,4541.0
200,201,2011-07-20,fall,2011,7,Not Holiday,3,Workingday,Clear Cloudy,31.501653,37.3425,70.70830000000001,7.625739,644.0,3688,4332.0
201,202,2011-07-21,fall,2011,7,Not Holiday,4,Workingday,Mist Cloudy,33.415,41.31855,69.125,14.875407,632.0,3152,3784.0
202,203,2011-07-22,fall,2011,7,Not Holiday,5,Workingday,Clear Cloudy,34.781653,42.0448,58.0417,8.9177,562.0,2825,3387.0
203,204,2011-07-23,fall,2011,7,Not Holiday,6,Weekend/Holiday,Clear Cloudy,34.815847,40.214349999999996,50.0,8.791807,987.0,2298,3285.0
204,205,2011-07-24,fall,2011,7,Not Holiday,0,Weekend/Holiday,Clear Cloudy,34.03,39.74145,55.0833,11.334456999999999,1050.0,2556,3606.0
205,206,2011-07-25,fall,2011,7,Not Holiday,1,Workingday,Clear Cloudy,30.476653000000002,36.0479,75.7083,6.0841560999999995,568.0,3272,3840.0
206,207,2011-07-26,fall,2011,7,Not Holiday,2,Workingday,Clear Cloudy,31.638347,34.84895,54.0833,13.417285999999999,750.0,3840,4590.0
207,208,2011-07-27,fall,2011,7,Not Holiday,3,Workingday,Clear Cloudy,31.775000000000002,34.53335,40.291700000000006,12.292020999999998,755.0,3901,4656.0
208,209,2011-07-28,fall,2011,7,Not Holiday,4,Workingday,Clear Cloudy,31.945847,36.995,58.3333,11.958093,606.0,3784,4390.0
209,210,2011-07-29,fall,2011,7,Not Holiday,5,Workingday,Clear Cloudy,34.371653,39.29835,54.25,11.667245999999999,670.0,3176,3846.0
210,211,2011-07-30,fall,2011,7,Not Holiday,6,Weekend/Holiday,Clear Cloudy,32.970847,36.42685,46.5833,11.291979,1559.0,2916,4475.0
211,212,2011-07-31,fall,2011,7,Not Holiday,0,Weekend/Holiday,Clear Cloudy,33.039153,36.4898,48.0833,11.042470999999999,1524.0,2778,4302.0
212,213,2011-08-01,fall,2011,8,Not Holiday,1,Workingday,Clear Cloudy,31.638347,35.1646,55.0833,10.500039,729.0,3537,4266.0
213,214,2011-08-02,fall,2011,8,Not Holiday,2,Workingday,Clear Cloudy,32.116653,35.35355,49.125,13.79195,801.0,4044,4845.0
214,215,2011-08-03,fall,2011,8,Not Holiday,3,Workingday,Mist Cloudy,29.998347,33.99685,65.75,9.084061,467.0,3107,3574.0
215,216,2011-08-04,fall,2011,8,Not Holiday,4,Workingday,Mist Cloudy,29.11,33.2394,75.75,13.20905,799.0,3777,4576.0
216,217,2011-08-05,fall,2011,8,Not Holiday,5,Workingday,Clear Cloudy,29.144153000000003,32.82835,63.083299999999994,12.374632,1023.0,3843,4866.0
217,218,2011-08-06,fall,2011,8,Not Holiday,6,Weekend/Holiday,Mist Cloudy,29.383347,33.807700000000004,75.5,15.29275,1521.0,2773,4294.0
218,219,2011-08-07,fall,2011,8,Not Holiday,0,Weekend/Holiday,Clear Cloudy,30.442500000000003,35.7646,75.29169999999999,13.499629,1298.0,2487,3785.0
219,220,2011-08-08,fall,2011,8,Not Holiday,1,Workingday,Clear Cloudy,31.365000000000002,35.16415,59.2083,12.875725000000001,846.0,3480,4326.0
220,221,2011-08-09,fall,2011,8,Not Holiday,2,Workingday,Clear Cloudy,31.775000000000002,36.20605,57.04169999999999,10.125107,907.0,3695,4602.0
221,222,2011-08-10,fall,2011,8,Not Holiday,3,Workingday,Clear Cloudy,31.433346999999998,34.24915,42.4167,13.417285999999999,884.0,3896,4780.0
222,223,2011-08-11,fall,2011,8,Not Holiday,4,Workingday,Clear Cloudy,29.4175,32.57605,42.375,11.041332,812.0,3980,4792.0
223,224,2011-08-12,fall,2011,8,Not Holiday,5,Workingday,Clear Cloudy,29.041653,32.7021,41.5,8.416607,1051.0,3854,4905.0
224,225,2011-08-13,fall,2011,8,Not Holiday,6,Weekend/Holiday,Mist Cloudy,28.119153,32.2929,72.9583,14.167418,1504.0,2646,4150.0
225,226,2011-08-14,fall,2011,8,Not Holiday,0,Weekend/Holiday,Mist Cloudy,27.743347,31.219400000000004,81.75,14.916411,1338.0,2482,3820.0
226,227,2011-08-15,fall,2011,8,Not Holiday,1,Workingday,Clear Cloudy,27.299153,30.80835,71.20830000000001,13.999918,775.0,3563,4338.0
227,228,2011-08-16,fall,2011,8,Not Holiday,2,Workingday,Clear Cloudy,28.734153000000003,32.29185,57.8333,15.834043000000001,721.0,4004,4725.0
228,229,2011-08-17,fall,2011,8,Not Holiday,3,Workingday,Clear Cloudy,29.656653,33.33355,57.5417,9.625689,668.0,4026,4694.0
229,230,2011-08-18,fall,2011,8,Not Holiday,4,Workingday,Clear Cloudy,29.178347000000002,33.1129,65.45830000000001,15.624936,639.0,3166,3805.0
230,231,2011-08-19,fall,2011,8,Not Holiday,5,Workingday,Mist Cloudy,28.085,31.661050000000003,72.2917,9.333635999999998,797.0,3356,4153.0
231,232,2011-08-20,fall,2011,8,Not Holiday,6,Weekend/Holiday,Clear Cloudy,28.5975,32.4498,67.41669999999999,6.999289,1914.0,3277,5191.0
232,233,2011-08-21,fall,2011,8,Not Holiday,0,Weekend/Holiday,Clear Cloudy,29.144153000000003,33.776250000000005,77.0,16.666518,1249.0,2624,3873.0
233,234,2011-08-22,fall,2011,8,Not Holiday,1,Workingday,Clear Cloudy,28.358347000000002,31.9127,47.0,18.54225,833.0,3925,4758.0
234,235,2011-08-23,fall,2011,8,Not Holiday,2,Workingday,Clear Cloudy,26.274153,30.303350000000002,45.5417,9.833121,1281.0,4614,5895.0
235,236,2011-08-24,fall,2011,8,Not Holiday,3,Workingday,Clear Cloudy,27.606652999999998,31.5346,60.5,16.958236,949.0,4181,5130.0
236,237,2011-08-25,fall,2011,8,Not Holiday,4,Workingday,Mist Cloudy,28.050846999999997,32.2927,77.1667,14.125810999999999,435.0,3107,3542.0
237,238,2011-08-26,fall,2011,8,Not Holiday,5,Workingday,Clear Cloudy,28.7,32.98665,76.125,5.625487499999999,768.0,3893,4661.0
238,239,2011-08-27,fall,2011,8,Not Holiday,6,Weekend/Holiday,Mist Cloudy,27.880000000000003,31.7778,85.0,25.166338999999997,226.0,889,1115.0
239,240,2011-08-28,fall,2011,8,Not Holiday,0,Weekend/Holiday,Clear Cloudy,28.989418999999998,32.397949999999994,56.1765,20.412153,1415.0,2919,4334.0
240,241,2011-08-29,fall,2011,8,Not Holiday,1,Workingday,Clear Cloudy,26.103347,30.3979,55.45830000000001,10.708275,729.0,3905,4634.0
241,242,2011-08-30,fall,2011,8,Not Holiday,2,Workingday,Clear Cloudy,26.205847000000002,29.7352,54.833299999999994,8.375536,775.0,4429,5204.0
242,243,2011-08-31,fall,2011,8,Not Holiday,3,Workingday,Clear Cloudy,26.923347,30.556050000000003,59.791700000000006,5.5833311,688.0,4370,5058.0
243,244,2011-09-01,fall,2011,9,Not Holiday,4,Workingday,Clear Cloudy,26.855,30.746050000000004,63.916700000000006,9.500332,783.0,4332,5115.0
244,245,2011-09-02,fall,2011,9,Not Holiday,5,Workingday,Mist Cloudy,26.376653,30.2404,72.70830000000001,9.375243,875.0,3852,4727.0
245,246,2011-09-03,fall,2011,9,Not Holiday,6,Weekend/Holiday,Clear Cloudy,27.435847,31.66065,71.6667,12.416775,1935.0,2549,4484.0
246,247,2011-09-04,fall,2011,9,Not Holiday,0,Weekend/Holiday,Clear Cloudy,29.075847,33.27145,74.20830000000001,13.833289,2266.75,2419,4685.75
247,248,2011-09-05,fall,2011,9,Not Holiday,1,Weekend/Holiday,Mist Cloudy,27.606652999999998,31.282300000000003,79.0417,14.250632,1236.0,2115,3351.0
248,249,2011-09-06,fall,2011,9,Not Holiday,2,Workingday,Light Rain/Snow,22.14,25.759999999999998,88.6957,23.044181,204.0,2506,2710.0
249,250,2011-09-07,fall,2011,9,Not Holiday,3,Workingday,Light Rain/Snow,24.565847,27.21145,91.7083,6.500393600000001,118.0,1878,1996.0
250,251,2011-09-08,fall,2011,9,Not Holiday,4,Workingday,Light Rain/Snow,25.990433,27.76805,93.9565,12.914116,153.0,1689,1842.0
251,252,2011-09-09,fall,2011,9,Not Holiday,5,Workingday,Mist Cloudy,26.650000000000002,28.9473,89.79169999999999,8.333393000000001,417.0,3127,3544.0
252,253,2011-09-10,fall,2011,9,Not Holiday,6,Weekend/Holiday,Clear Cloudy,27.060000000000002,30.3981,75.375,10.291736,1750.0,3595,5345.0
253,254,2011-09-11,fall,2011,9,Not Holiday,0,Weekend/Holiday,Clear Cloudy,26.786653,30.46145,71.375,7.708618,1633.0,3413,5046.0
254,255,2011-09-12,fall,2011,9,Not Holiday,1,Workingday,Clear Cloudy,26.418268,30.106500000000004,69.2174,5.957171000000001,690.0,4023,4713.0
255,256,2011-09-13,fall,2011,9,Not Holiday,2,Workingday,Clear Cloudy,26.684153,30.1777,71.25,9.500868,701.0,4062,4763.0
256,257,2011-09-14,fall,2011,9,Not Holiday,3,Workingday,Clear Cloudy,27.606652999999998,31.345,69.7083,11.2091,647.0,4138,4785.0
257,258,2011-09-15,fall,2011,9,Not Holiday,4,Workingday,Mist Cloudy,23.677500000000002,27.68355,70.9167,18.166782,428.0,3231,3659.0
258,259,2011-09-16,fall,2011,9,Not Holiday,5,Workingday,Mist Cloudy,19.235847,23.07375,59.0417,11.000261,742.0,4018,4760.0
259,260,2011-09-17,fall,2011,9,Not Holiday,6,Weekend/Holiday,Mist Cloudy,20.158347,23.9256,71.8333,12.708225,1434.0,3077,4511.0
260,261,2011-09-18,fall,2011,9,Not Holiday,0,Weekend/Holiday,Clear Cloudy,20.807499999999997,24.52685,69.5,11.958361,1353.0,2921,4274.0
261,262,2011-09-19,fall,2011,9,Not Holiday,1,Workingday,Mist Cloudy,22.515846999999997,26.48375,69.0,10.166713999999999,691.0,3848,4539.0
262,263,2011-09-20,fall,2011,9,Not Holiday,2,Workingday,Mist Cloudy,23.028347,26.610850000000003,88.125,9.041917999999999,438.0,3203,3641.0
263,264,2011-09-21,fall,2011,9,Not Holiday,3,Workingday,Mist Cloudy,24.395,27.526650000000004,90.0,6.4590814,539.0,3813,4352.0
264,265,2011-09-22,fall,2011,9,Not Holiday,4,Workingday,Mist Cloudy,25.761653000000003,27.74815,90.2083,8.584375,555.0,4240,4795.0
265,266,2011-09-23,winter,2011,9,Not Holiday,5,Workingday,Mist Cloudy,24.975847,26.106249999999996,97.25,5.2505689,258.0,2137,2395.0
266,267,2011-09-24,winter,2011,9,Not Holiday,6,Weekend/Holiday,Mist Cloudy,24.873347,28.2206,86.25,5.2516811,1776.0,3647,5423.0
267,268,2011-09-25,winter,2011,9,Not Holiday,0,Weekend/Holiday,Mist Cloudy,26.000847,28.631849999999996,84.5,3.3754064,1544.0,3466,5010.0
268,269,2011-09-26,winter,2011,9,Not Holiday,1,Workingday,Mist Cloudy,26.615847000000002,29.452099999999998,84.8333,7.4169,684.0,3946,4630.0
269,270,2011-09-27,winter,2011,9,Not Holiday,2,Workingday,Mist Cloudy,26.103347,28.726249999999997,88.5417,7.917457,477.0,3643,4120.0
270,271,2011-09-28,winter,2011,9,Not Holiday,3,Workingday,Mist Cloudy,26.035,28.757899999999996,84.875,9.958143000000002,480.0,3427,3907.0
271,272,2011-09-29,winter,2011,9,Not Holiday,4,Workingday,Clear Cloudy,25.283347,28.7256,69.91669999999999,11.583161,653.0,4186,4839.0
272,273,2011-09-30,winter,2011,9,Not Holiday,5,Workingday,Clear Cloudy,23.130847,27.24145,64.75,13.833825,830.0,4372,5202.0
273,274,2011-10-01,winter,2011,10,Not Holiday,6,Weekend/Holiday,Mist Cloudy,16.81,20.64315,75.375,19.583832,480.0,1949,2429.0
274,275,2011-10-02,winter,2011,10,Not Holiday,0,Weekend/Holiday,Mist Cloudy,14.623347,17.26585,79.1667,14.874870999999999,616.0,2302,2918.0
275,276,2011-10-03,winter,2011,10,Not Holiday,1,Workingday,Mist Cloudy,15.750846999999998,19.6023,76.0833,5.5841686,330.0,3240,3570.0
276,277,2011-10-04,winter,2011,10,Not Holiday,2,Workingday,Clear Cloudy,19.850847,23.6429,71.0,13.792218,486.0,3970,4456.0
277,278,2011-10-05,winter,2011,10,Not Holiday,3,Workingday,Clear Cloudy,22.071652999999998,26.3569,64.79169999999999,11.87575,559.0,4267,4826.0
278,279,2011-10-06,winter,2011,10,Not Holiday,4,Workingday,Clear Cloudy,20.260847000000002,24.02125,62.083299999999994,9.041917999999999,639.0,4126,4765.0
279,280,2011-10-07,winter,2011,10,Not Holiday,5,Workingday,Clear Cloudy,20.944153,25.2202,68.41669999999999,1.5002439,949.0,4036,4985.0
280,281,2011-10-08,winter,2011,10,Not Holiday,6,Weekend/Holiday,Clear Cloudy,21.388347,25.6621,70.125,3.0420814,2235.0,3174,5409.0
281,282,2011-10-09,winter,2011,10,Not Holiday,0,Weekend/Holiday,Clear Cloudy,22.174153,26.19915,72.75,4.251150000000001,2266.75,3114,5380.75
282,283,2011-10-10,winter,2011,10,Not Holiday,1,Weekend/Holiday,Clear Cloudy,23.404153,27.14625,73.375,2.8343814,1514.0,3603,5117.0
283,284,2011-10-11,winter,2011,10,Not Holiday,2,Workingday,Mist Cloudy,23.233347000000002,27.3048,80.875,9.583814,667.0,3896,4563.0
284,285,2011-10-12,winter,2011,10,Not Holiday,3,Workingday,Light Rain/Snow,22.276653,25.885849999999998,90.625,16.62605,217.0,2199,2416.0
285,286,2011-10-13,winter,2011,10,Not Holiday,4,Workingday,Mist Cloudy,24.155847,27.5902,89.6667,9.499729,290.0,2623,2913.0
286,287,2011-10-14,winter,2011,10,Not Holiday,5,Workingday,Mist Cloudy,22.584153,26.48375,71.625,15.000161,529.0,3115,3644.0
287,288,2011-10-15,winter,2011,10,Not Holiday,6,Weekend/Holiday,Clear Cloudy,20.773346999999998,24.936249999999998,48.3333,17.291561,1899.0,3318,5217.0
288,289,2011-10-16,winter,2011,10,Not Holiday,0,Weekend/Holiday,Clear Cloudy,20.978347,25.1577,48.6667,18.875039,1748.0,3293,5041.0
289,290,2011-10-17,winter,2011,10,Not Holiday,1,Workingday,Clear Cloudy,21.900847,25.53625,57.958299999999994,11.750393,713.0,3857,4570.0
290,291,2011-10-18,winter,2011,10,Not Holiday,2,Workingday,Mist Cloudy,21.8325,26.13605,70.1667,7.375829,637.0,4111,4748.0
291,292,2011-10-19,winter,2011,10,Not Holiday,3,Workingday,Light Rain/Snow,22.211299,25.6924,89.52170000000001,16.303713,254.0,2170,2424.0
292,293,2011-10-20,winter,2011,10,Not Holiday,4,Workingday,Clear Cloudy,19.509153,23.32625,63.625,25.50095375,471.0,3724,4195.0
293,294,2011-10-21,winter,2011,10,Not Holiday,5,Workingday,Clear Cloudy,17.5275,21.1798,57.4167,14.833532,676.0,3628,4304.0
294,295,2011-10-22,winter,2011,10,Not Holiday,6,Weekend/Holiday,Clear Cloudy,17.322499999999998,21.2746,62.916700000000006,6.2086689,1499.0,2809,4308.0
295,296,2011-10-23,winter,2011,10,Not Holiday,0,Weekend/Holiday,Clear Cloudy,17.288347,21.11665,74.125,6.6673375,1619.0,2762,4381.0
296,297,2011-10-24,winter,2011,10,Not Holiday,1,Workingday,Clear Cloudy,18.996653,22.85335,77.2083,7.959064,699.0,3488,4187.0
297,298,2011-10-25,winter,2011,10,Not Holiday,2,Workingday,Clear Cloudy,19.338347,23.16875,62.291700000000006,11.166086,695.0,3992,4687.0
298,299,2011-10-26,winter,2011,10,Not Holiday,3,Workingday,Mist Cloudy,19.850847,23.6423,72.04169999999999,9.959014,404.0,3490,3894.0
299,300,2011-10-27,winter,2011,10,Not Holiday,4,Workingday,Mist Cloudy,19.27,22.8523,81.2917,13.250121,240.0,2419,2659.0
300,301,2011-10-28,winter,2011,10,Not Holiday,5,Workingday,Mist Cloudy,13.564153,15.9406,58.58330000000001,15.375093,456.0,3291,3747.0
301,302,2011-10-29,winter,2011,10,Not Holiday,6,Weekend/Holiday,Light Rain/Snow,10.420846999999998,11.39565,88.25,23.541857,57.0,570,627.0
302,303,2011-10-30,winter,2011,10,Not Holiday,0,Weekend/Holiday,Clear Cloudy,13.085847,16.06645,62.375,11.833339,885.0,2446,3331.0
303,304,2011-10-31,winter,2011,10,Not Holiday,1,Workingday,Clear Cloudy,13.940000000000001,17.803150000000002,70.3333,7.12545,362.0,3307,3669.0
304,305,2011-11-01,winter,2011,11,Not Holiday,2,Workingday,Clear Cloudy,16.434153,19.8544,68.375,9.083257,410.0,3658,4068.0
305,306,2011-11-02,winter,2011,11,Not Holiday,3,Workingday,Clear Cloudy,15.477500000000001,19.50665,71.875,5.5001439,370.0,3816,4186.0
306,307,2011-11-03,winter,2011,11,Not Holiday,4,Workingday,Clear Cloudy,16.741653,20.296049999999997,70.20830000000001,9.166739,318.0,3656,3974.0
307,308,2011-11-04,winter,2011,11,Not Holiday,5,Workingday,Mist Cloudy,16.536653,20.1696,62.25000000000001,18.209193,470.0,3576,4046.0
308,309,2011-11-05,winter,2011,11,Not Holiday,6,Weekend/Holiday,Clear Cloudy,13.393346999999999,16.1927,51.916700000000006,12.667154,1156.0,2770,3926.0
309,310,2011-11-06,winter,2011,11,Not Holiday,0,Weekend/Holiday,Clear Cloudy,14.281653,18.117900000000002,73.4583,6.1676314,952.0,2697,3649.0
310,311,2011-11-07,winter,2011,11,Not Holiday,1,Workingday,Clear Cloudy,16.195,20.04355,75.875,3.834075,373.0,3662,4035.0
311,312,2011-11-08,winter,2011,11,Not Holiday,2,Workingday,Clear Cloudy,16.741653,20.6123,72.16669999999999,4.6255125,376.0,3829,4205.0
312,313,2011-11-09,winter,2011,11,Not Holiday,3,Workingday,Clear Cloudy,16.400000000000002,20.453950000000003,75.83330000000001,4.1671186,305.0,3804,4109.0
313,314,2011-11-10,winter,2011,11,Not Holiday,4,Workingday,Mist Cloudy,15.58,18.68605,81.3333,12.667489000000002,190.0,2743,2933.0
314,315,2011-11-11,winter,2011,11,Not Holiday,5,Weekend/Holiday,Clear Cloudy,13.290847,15.34085,44.625,21.083225,440.0,2928,3368.0
315,316,2011-11-12,winter,2011,11,Not Holiday,6,Weekend/Holiday,Clear Cloudy,14.623347,17.8971,55.2917,14.208154,1275.0,2792,4067.0
316,317,2011-11-13,winter,2011,11,Not Holiday,0,Weekend/Holiday,Clear Cloudy,18.074153,21.5275,45.8333,18.875307,1004.0,2713,3717.0
317,318,2011-11-14,winter,2011,11,Not Holiday,1,Workingday,Clear Cloudy,21.73,26.2306,58.7083,20.541932,595.0,3891,4486.0
318,319,2011-11-15,winter,2011,11,Not Holiday,2,Workingday,Mist Cloudy,21.73,25.37895,68.875,13.375411,449.0,3746,4195.0
319,320,2011-11-16,winter,2011,11,Not Holiday,3,Workingday,Light Rain/Snow,18.723347,22.5994,93.0,9.167543,145.0,1672,1817.0
320,321,2011-11-17,winter,2011,11,Not Holiday,4,Workingday,Mist Cloudy,14.008347,16.16105,57.5833,20.459254,139.0,2914,3053.0
321,322,2011-11-18,winter,2011,11,Not Holiday,5,Workingday,Clear Cloudy,11.240847,13.63605,41.0,11.291711,245.0,3147,3392.0
322,323,2011-11-19,winter,2011,11,Not Holiday,6,Weekend/Holiday,Clear Cloudy,13.495847,16.22415,50.208299999999994,15.041232,943.0,2720,3663.0
323,324,2011-11-20,winter,2011,11,Not Holiday,0,Weekend/Holiday,Mist Cloudy,18.996653,22.8529,68.45830000000001,12.45865,787.0,2733,3520.0
324,325,2011-11-21,winter,2011,11,Not Holiday,1,Workingday,Light Rain/Snow,18.3475,22.2531,91.0,9.249618,220.0,2545,2765.0
325,326,2011-11-22,winter,2011,11,Not Holiday,2,Workingday,Light Rain/Snow,17.083347,21.0848,96.25,7.959064,69.0,1538,1607.0
326,327,2011-11-23,winter,2011,11,Not Holiday,3,Workingday,Mist Cloudy,18.074153,21.52685,75.79169999999999,22.500275,112.0,2454,2566.0
327,328,2011-11-24,winter,2011,11,Not Holiday,4,Weekend/Holiday,Clear Cloudy,15.306653,18.62355,54.9167,11.209368000000001,560.0,935,1495.0
328,329,2011-11-25,winter,2011,11,Not Holiday,5,Workingday,Clear Cloudy,15.375,19.033549999999998,64.375,6.6260186,1095.0,1697,2792.0
329,330,2011-11-26,winter,2011,11,Not Holiday,6,Weekend/Holiday,Clear Cloudy,15.409152999999998,19.254350000000002,68.1667,4.5841936,1249.0,1819,3068.0
330,331,2011-11-27,winter,2011,11,Not Holiday,0,Weekend/Holiday,Clear Cloudy,18.825847,22.79,69.8333,13.999918,810.0,2261,3071.0
331,332,2011-11-28,winter,2011,11,Not Holiday,1,Workingday,Clear Cloudy,20.642598,24.5061,74.3043,9.522174,253.0,3614,3867.0
332,333,2011-11-29,winter,2011,11,Not Holiday,2,Workingday,Mist Cloudy,18.791653,22.56875,83.08330000000001,17.292164,96.0,2818,2914.0
333,334,2011-11-30,winter,2011,11,Not Holiday,3,Workingday,Clear Cloudy,13.325000000000001,15.561050000000002,61.3333,18.167586,188.0,3425,3613.0
334,335,2011-12-01,winter,2011,12,Not Holiday,4,Workingday,Clear Cloudy,12.8125,15.2777,52.4583,14.750586,182.0,3545,3727.0
335,336,2011-12-02,winter,2011,12,Not Holiday,5,Workingday,Clear Cloudy,12.880847,16.571649999999998,62.583299999999994,6.750518,268.0,3672,3940.0
336,337,2011-12-03,winter,2011,12,Not Holiday,6,Weekend/Holiday,Clear Cloudy,12.265847,15.530199999999999,61.291700000000006,6.4174811,706.0,2908,3614.0
337,338,2011-12-04,winter,2011,12,Not Holiday,0,Weekend/Holiday,Clear Cloudy,13.564153,17.455000000000002,77.5833,5.6252061,634.0,2851,3485.0
338,339,2011-12-05,winter,2011,12,Not Holiday,1,Workingday,Mist Cloudy,15.819153,19.696250000000003,82.70830000000001,4.1679561000000005,233.0,3578,3811.0
339,340,2011-12-06,winter,2011,12,Not Holiday,2,Workingday,Light Rain/Snow,18.962500000000002,22.82,94.9583,15.583061,126.0,2468,2594.0
340,341,2011-12-07,winter,2011,12,Not Holiday,3,Workingday,Light Rain/Snow,16.81,20.0123,97.04169999999999,17.833725,50.0,655,705.0
341,342,2011-12-08,winter,2011,12,Not Holiday,4,Workingday,Clear Cloudy,10.899153,12.8469,57.99999999999999,16.083886,150.0,3172,3322.0
342,343,2011-12-09,winter,2011,12,Not Holiday,5,Workingday,Clear Cloudy,11.924153,15.877099999999999,69.58330000000001,5.5420189,261.0,3359,3620.0
343,344,2011-12-10,winter,2011,12,Not Holiday,6,Weekend/Holiday,Clear Cloudy,11.275,13.320599999999999,50.74999999999999,15.625807,502.0,2688,3190.0
344,345,2011-12-11,winter,2011,12,Not Holiday,0,Weekend/Holiday,Clear Cloudy,9.054153,12.6577,49.0,4.458293899999999,377.0,2366,2743.0
345,346,2011-12-12,winter,2011,12,Not Holiday,1,Workingday,Clear Cloudy,9.771652999999999,13.5098,67.08330000000001,4.251150000000001,143.0,3167,3310.0
346,347,2011-12-13,winter,2011,12,Not Holiday,2,Workingday,Clear Cloudy,11.5825,15.0569,59.0,9.41685,155.0,3368,3523.0
347,348,2011-12-14,winter,2011,12,Not Holiday,3,Workingday,Mist Cloudy,13.0175,16.9181,66.375,4.0842061,178.0,3562,3740.0
348,349,2011-12-15,winter,2011,12,Not Holiday,4,Workingday,Mist Cloudy,17.322499999999998,20.61185,63.416700000000006,17.958814,181.0,3528,3709.0
349,350,2011-12-16,winter,2011,12,Not Holiday,5,Workingday,Mist Cloudy,15.375,17.99125,50.0417,17.458525,178.0,3399,3577.0
350,351,2011-12-17,winter,2011,12,Not Holiday,6,Weekend/Holiday,Mist Cloudy,10.591652999999999,12.46855,56.0833,16.292189,275.0,2464,2739.0
351,352,2011-12-18,winter,2011,12,Not Holiday,0,Weekend/Holiday,Clear Cloudy,9.771652999999999,12.27895,58.62500000000001,11.375193000000001,220.0,2211,2431.0
352,353,2011-12-19,winter,2011,12,Not Holiday,1,Workingday,Clear Cloudy,11.343347,14.04665,63.74999999999999,11.584031999999999,260.0,3143,3403.0
353,354,2011-12-20,winter,2011,12,Not Holiday,2,Workingday,Mist Cloudy,15.819153,19.822699999999998,59.5417,4.1252436,216.0,3534,3750.0
354,355,2011-12-21,spring,2011,12,Not Holiday,3,Workingday,Mist Cloudy,17.561653,21.40085,85.83330000000001,14.8338,107.0,2553,2660.0
355,356,2011-12-22,spring,2011,12,Not Holiday,4,Workingday,Mist Cloudy,17.356653,21.306050000000003,75.75,3.1674249999999997,227.0,2841,3068.0
356,357,2011-12-23,spring,2011,12,Not Holiday,5,Workingday,Clear Cloudy,15.306653,18.87565,68.625,18.374482,163.0,2046,2209.0
357,358,2011-12-24,spring,2011,12,Not Holiday,6,Weekend/Holiday,Clear Cloudy,12.4025,14.9621,54.25,12.750368,155.0,856,1011.0
358,359,2011-12-25,spring,2011,12,Not Holiday,0,Weekend/Holiday,Clear Cloudy,11.266103,13.998050000000001,68.13040000000001,10.391097,303.0,451,754.0
359,360,2011-12-26,spring,2011,12,Not Holiday,1,Weekend/Holiday,Clear Cloudy,13.191299,15.77675,50.6957,16.044155,430.0,887,1317.0
360,361,2011-12-27,spring,2011,12,Not Holiday,2,Workingday,Mist Cloudy,13.325000000000001,16.38165,76.25,12.62615,103.0,1059,1162.0
361,362,2011-12-28,spring,2011,12,Not Holiday,3,Workingday,Clear Cloudy,12.264330000000001,13.9987,50.39130000000001,19.695386999999997,255.0,2047,2302.0
362,363,2011-12-29,spring,2011,12,Not Holiday,4,Workingday,Clear Cloudy,10.181653,13.194600000000001,57.4167,8.000604000000001,254.0,2169,2423.0
363,364,2011-12-30,spring,2011,12,Not Holiday,5,Workingday,Clear Cloudy,12.778347000000002,15.9406,63.6667,9.000579,491.0,2508,2999.0
364,365,2011-12-31,spring,2011,12,Not Holiday,6,Weekend/Holiday,Clear Cloudy,16.81,20.70605,61.583299999999994,14.750318,665.0,1820,2485.0
365,366,2012-01-01,spring,2012,1,Not Holiday,0,Weekend/Holiday,Clear Cloudy,15.17,18.78105,69.25,12.875189,686.0,1608,2294.0
366,367,2012-01-02,spring,2012,1,Not Holiday,1,Weekend/Holiday,Clear Cloudy,11.194763,12.615199999999998,38.130399999999995,22.087555,244.0,1707,1951.0
367,368,2012-01-03,spring,2012,1,Not Holiday,2,Workingday,Clear Cloudy,6.1499999999999995,6.31375,44.125,24.499957000000002,89.0,2147,2236.0
368,369,2012-01-04,spring,2012,1,Not Holiday,3,Workingday,Mist Cloudy,4.4075,5.96685,41.4583,12.3749,95.0,2273,2368.0
369,370,2012-01-05,spring,2012,1,Not Holiday,4,Workingday,Clear Cloudy,10.899153,13.9206,52.416700000000006,8.709128999999999,140.0,3132,3272.0
370,371,2012-01-06,spring,2012,1,Not Holiday,5,Workingday,Clear Cloudy,13.700847,17.01335,54.2083,11.249836,307.0,3791,4098.0
371,372,2012-01-07,spring,2012,1,Not Holiday,6,Weekend/Holiday,Clear Cloudy,16.126653,19.53895,53.1667,11.708786,1070.0,3451,4521.0
372,373,2012-01-08,spring,2012,1,Not Holiday,0,Weekend/Holiday,Clear Cloudy,13.8375,17.012900000000002,46.5,12.833314,599.0,2826,3425.0
373,374,2012-01-09,spring,2012,1,Not Holiday,1,Workingday,Mist Cloudy,9.190847,12.37395,70.1667,6.6263000000000005,106.0,2270,2376.0
374,375,2012-01-10,spring,2012,1,Not Holiday,2,Workingday,Clear Cloudy,12.656536000000001,15.9413,64.65220000000001,12.565984,173.0,3425,3598.0
375,376,2012-01-11,spring,2012,1,Not Holiday,3,Workingday,Mist Cloudy,11.240847,14.14105,84.75,8.791807,92.0,2085,2177.0
376,377,2012-01-12,spring,2012,1,Not Holiday,4,Workingday,Mist Cloudy,15.682500000000001,19.0969,80.2917,12.124789,269.0,3828,4097.0
377,378,2012-01-13,spring,2012,1,Not Holiday,5,Workingday,Clear Cloudy,11.240847,12.4681,50.74999999999999,25.333236,174.0,3040,3214.0
378,379,2012-01-14,spring,2012,1,Not Holiday,6,Weekend/Holiday,Clear Cloudy,7.38,9.15435,45.75,12.541260999999999,333.0,2160,2493.0
379,380,2012-01-15,spring,2012,1,Not Holiday,0,Weekend/Holiday,Clear Cloudy,6.833347000000001,8.081249999999999,41.9167,16.834286,284.0,2027,2311.0
380,381,2012-01-16,spring,2012,1,Not Holiday,1,Weekend/Holiday,Clear Cloudy,7.79,9.53315,52.25,15.500986000000001,217.0,2081,2298.0
381,382,2012-01-17,spring,2012,1,Not Holiday,2,Workingday,Mist Cloudy,15.294763,18.2139,71.6087,23.39171,127.0,2808,2935.0
382,383,2012-01-18,spring,2012,1,Not Holiday,3,Workingday,Clear Cloudy,12.436653000000002,13.7627,44.333299999999994,25.50095375,109.0,3267,3376.0
383,384,2012-01-19,spring,2012,1,Not Holiday,4,Workingday,Clear Cloudy,7.79,9.501900000000001,49.75,14.750586,130.0,3162,3292.0
384,385,2012-01-20,spring,2012,1,Not Holiday,5,Workingday,Mist Cloudy,8.9175,11.047899999999998,45.0,13.58425,115.0,3048,3163.0
385,386,2012-01-21,spring,2012,1,Not Holiday,6,Weekend/Holiday,Mist Cloudy,7.106653,8.74375,83.125,14.917014,67.0,1234,1301.0
386,387,2012-01-22,spring,2012,1,Not Holiday,0,Weekend/Holiday,Mist Cloudy,6.6625000000000005,8.1125,79.625,13.375746000000001,196.0,1781,1977.0
387,388,2012-01-23,spring,2012,1,Not Holiday,1,Workingday,Mist Cloudy,8.951653,12.152899999999999,91.125,7.417436,145.0,2287,2432.0
388,389,2012-01-24,spring,2012,1,Not Holiday,2,Workingday,Clear Cloudy,14.0425,17.455399999999997,83.58330000000001,8.292389,439.0,3900,4339.0
389,390,2012-01-25,spring,2012,1,Not Holiday,3,Workingday,Clear Cloudy,12.060847,14.74105,64.375,10.791756999999999,467.0,3803,4270.0
390,391,2012-01-26,spring,2012,1,Not Holiday,4,Workingday,Mist Cloudy,14.008347,17.8025,76.95830000000001,4.9175186,244.0,3831,4075.0
391,392,2012-01-27,spring,2012,1,Not Holiday,5,Workingday,Mist Cloudy,17.425,20.76915,74.125,22.958689,269.0,3187,3456.0
392,393,2012-01-28,spring,2012,1,Not Holiday,6,Weekend/Holiday,Clear Cloudy,12.949152999999999,16.318949999999997,54.333299999999994,14.125542999999999,775.0,3248,4023.0
393,394,2012-01-29,spring,2012,1,Not Holiday,0,Weekend/Holiday,Clear Cloudy,11.5825,13.63605,31.125000000000004,16.08335,558.0,2685,3243.0
394,395,2012-01-30,spring,2012,1,Not Holiday,1,Workingday,Clear Cloudy,11.035847,13.13125,40.0833,14.458064,126.0,3498,3624.0
395,396,2012-01-31,spring,2012,1,Not Holiday,2,Workingday,Clear Cloudy,15.99,19.06585,41.6667,17.541739,324.0,4185,4509.0
396,397,2012-02-01,spring,2012,2,Not Holiday,3,Workingday,Clear Cloudy,19.235847,23.326900000000002,50.79169999999999,12.667489000000002,304.0,4275,4579.0
397,398,2012-02-02,spring,2012,2,Not Holiday,4,Workingday,Mist Cloudy,16.365847,19.94855,67.29169999999999,12.541528999999999,190.0,3571,3761.0
398,399,2012-02-03,spring,2012,2,Not Holiday,5,Workingday,Clear Cloudy,12.846652999999998,15.4673,52.6667,11.959232,310.0,3841,4151.0
399,400,2012-02-04,spring,2012,2,Not Holiday,6,Weekend/Holiday,Mist Cloudy,10.830846999999999,13.63625,77.95830000000001,8.167032,384.0,2448,2832.0
400,401,2012-02-05,spring,2012,2,Not Holiday,0,Weekend/Holiday,Mist Cloudy,10.899153,13.22605,68.7917,11.791732000000001,318.0,2629,2947.0
401,402,2012-02-06,spring,2012,2,Not Holiday,1,Workingday,Clear Cloudy,11.586969,14.8213,62.2174,10.304599999999999,206.0,3578,3784.0
402,403,2012-02-07,spring,2012,2,Not Holiday,2,Workingday,Clear Cloudy,14.520847,18.0552,49.625,9.874393000000001,199.0,4176,4375.0
403,404,2012-02-08,spring,2012,2,Not Holiday,3,Workingday,Mist Cloudy,10.523347,13.321050000000001,72.2917,8.959307,109.0,2693,2802.0
404,405,2012-02-09,spring,2012,2,Not Holiday,4,Workingday,Clear Cloudy,10.865,13.0994,56.2083,13.000478999999999,163.0,3667,3830.0
405,406,2012-02-10,spring,2012,2,Not Holiday,5,Workingday,Mist Cloudy,11.514153,14.6779,54.0,7.834243000000001,227.0,3604,3831.0
406,407,2012-02-11,spring,2012,2,Not Holiday,6,Weekend/Holiday,Light Rain/Snow,9.190847,10.54335,73.125,19.416332,192.0,1977,2169.0
407,408,2012-02-12,spring,2012,2,Not Holiday,0,Weekend/Holiday,Clear Cloudy,5.2275,5.0828999999999995,46.4583,25.50095375,73.0,1456,1529.0
408,409,2012-02-13,spring,2012,2,Not Holiday,1,Workingday,Clear Cloudy,9.1225,11.39565,41.125,11.207961,94.0,3328,3422.0
409,410,2012-02-14,spring,2012,2,Not Holiday,2,Workingday,Mist Cloudy,13.085847,16.697300000000002,50.875,9.458993,135.0,3787,3922.0
410,411,2012-02-15,spring,2012,2,Not Holiday,3,Workingday,Clear Cloudy,14.281653,17.58145,53.125,12.167200000000001,141.0,4028,4169.0
411,412,2012-02-16,spring,2012,2,Not Holiday,4,Workingday,Mist Cloudy,12.983346999999998,16.5081,75.29169999999999,6.125475000000001,74.0,2931,3005.0
412,413,2012-02-17,spring,2012,2,Not Holiday,5,Workingday,Clear Cloudy,14.076653,17.58145,63.4583,13.791682,349.0,3805,4154.0
413,414,2012-02-18,spring,2012,2,Not Holiday,6,Weekend/Holiday,Clear Cloudy,14.213347,17.77125,53.4583,12.792243,1435.0,2883,4318.0
414,415,2012-02-19,spring,2012,2,Not Holiday,0,Weekend/Holiday,Mist Cloudy,11.48,13.2894,51.5833,16.958504,618.0,2071,2689.0
415,416,2012-02-20,spring,2012,2,Not Holiday,1,Weekend/Holiday,Clear Cloudy,11.48,13.66955,50.7826,15.348561,502.0,2627,3129.0
416,417,2012-02-21,spring,2012,2,Not Holiday,2,Workingday,Clear Cloudy,11.800866000000001,14.755650000000001,59.434799999999996,13.783039,163.0,3614,3777.0
417,418,2012-02-22,spring,2012,2,Not Holiday,3,Workingday,Clear Cloudy,16.229153,19.63335,56.7917,15.709557,394.0,4379,4773.0
418,419,2012-02-23,spring,2012,2,Not Holiday,4,Workingday,Clear Cloudy,18.620846999999998,22.2223,55.45830000000001,12.791171,516.0,4546,5062.0
419,420,2012-02-24,spring,2012,2,Not Holiday,5,Workingday,Mist Cloudy,16.7075,20.54855,73.75,15.916989,246.0,3241,3487.0
420,421,2012-02-25,spring,2012,2,Not Holiday,6,Weekend/Holiday,Clear Cloudy,11.924153,12.78375,39.5833,25.50095375,317.0,2415,2732.0
421,422,2012-02-26,spring,2012,2,Not Holiday,0,Weekend/Holiday,Clear Cloudy,11.445847,13.4154,41.0,13.750342999999999,515.0,2874,3389.0
422,423,2012-02-27,spring,2012,2,Not Holiday,1,Workingday,Clear Cloudy,15.033347000000001,17.8977,49.0833,17.958211000000002,253.0,4069,4322.0
423,424,2012-02-28,spring,2012,2,Not Holiday,2,Workingday,Clear Cloudy,14.725847,17.67625,39.5833,12.958939,229.0,4134,4363.0
424,425,2012-02-29,spring,2012,2,Not Holiday,3,Workingday,Mist Cloudy,14.118267999999999,17.4235,80.4783,12.000839,65.0,1769,1834.0
425,426,2012-03-01,spring,2012,3,Not Holiday,4,Workingday,Clear Cloudy,19.919153,23.768549999999998,61.5417,15.208129,325.0,4665,4990.0
426,427,2012-03-02,spring,2012,3,Not Holiday,5,Workingday,Mist Cloudy,14.486653,17.9921,65.7083,9.708568,246.0,2948,3194.0
427,428,2012-03-03,spring,2012,3,Not Holiday,6,Weekend/Holiday,Mist Cloudy,16.980847,20.6746,62.125,10.792293,956.0,3110,4066.0
428,429,2012-03-04,spring,2012,3,Not Holiday,0,Weekend/Holiday,Clear Cloudy,13.359153,15.15105,40.3333,22.416257,710.0,2713,3423.0
429,430,2012-03-05,spring,2012,3,Not Holiday,1,Workingday,Clear Cloudy,9.976652999999999,12.05855,50.625,15.333486,203.0,3130,3333.0
430,431,2012-03-06,spring,2012,3,Not Holiday,2,Workingday,Clear Cloudy,10.591652999999999,12.752099999999999,45.6667,13.458625,221.0,3735,3956.0
431,432,2012-03-07,spring,2012,3,Not Holiday,3,Workingday,Clear Cloudy,16.570847,19.255,51.3333,23.167193,432.0,4484,4916.0
432,433,2012-03-08,spring,2012,3,Not Holiday,4,Workingday,Clear Cloudy,21.627499999999998,26.230199999999996,56.75,25.50095375,486.0,4896,5382.0
433,434,2012-03-09,spring,2012,3,Not Holiday,5,Workingday,Mist Cloudy,16.844153,19.85415,40.708299999999994,25.50095375,447.0,4122,4569.0
434,435,2012-03-10,spring,2012,3,Not Holiday,6,Weekend/Holiday,Clear Cloudy,11.7875,13.888349999999999,35.0417,15.125250000000001,968.0,3150,4118.0
435,436,2012-03-11,spring,2012,3,Not Holiday,0,Weekend/Holiday,Clear Cloudy,14.831299,17.9835,47.6957,14.913329000000001,1658.0,3253,4911.0
436,437,2012-03-12,spring,2012,3,Not Holiday,1,Workingday,Clear Cloudy,19.133347,22.9796,48.9167,13.916771,838.0,4460,5298.0
437,438,2012-03-13,spring,2012,3,Not Holiday,2,Workingday,Clear Cloudy,23.165,27.14645,61.75000000000001,15.87565,762.0,5085,5847.0
438,439,2012-03-14,spring,2012,3,Not Holiday,3,Workingday,Clear Cloudy,23.4725,27.43085,50.708299999999994,7.709154,997.0,5315,6312.0
439,440,2012-03-15,spring,2012,3,Not Holiday,4,Workingday,Clear Cloudy,22.857499999999998,26.64125,57.958299999999994,10.042161,1005.0,5187,6192.0
440,441,2012-03-16,spring,2012,3,Not Holiday,5,Workingday,Mist Cloudy,17.869153,21.81145,84.20830000000001,7.583864,548.0,3830,4378.0
441,442,2012-03-17,spring,2012,3,Not Holiday,6,Weekend/Holiday,Mist Cloudy,21.080847000000002,25.252299999999998,75.5833,7.417168,2266.75,4681,6947.75
442,443,2012-03-18,spring,2012,3,Not Holiday,0,Weekend/Holiday,Mist Cloudy,19.3725,23.200000000000003,81.0,8.501161,2207.0,3685,5892.0
443,444,2012-03-19,spring,2012,3,Not Holiday,1,Workingday,Clear Cloudy,22.345000000000002,26.64105,72.875,10.875238999999999,982.0,5171,6153.0
444,445,2012-03-20,spring,2012,3,Not Holiday,2,Workingday,Clear Cloudy,22.994153,26.926650000000002,80.7917,8.125157,1051.0,5042,6093.0
445,446,2012-03-21,summer,2012,3,Not Holiday,3,Workingday,Mist Cloudy,21.798347,25.6629,82.125,6.000406099999999,1122.0,5108,6230.0
446,447,2012-03-22,summer,2012,3,Not Holiday,4,Workingday,Clear Cloudy,22.720847,26.57835,83.125,7.876654,1334.0,5537,6871.0
447,448,2012-03-23,summer,2012,3,Not Holiday,5,Workingday,Mist Cloudy,24.668346999999997,28.50335,69.41669999999999,7.7921000000000005,2266.75,5893,8159.75
448,449,2012-03-24,summer,2012,3,Not Holiday,6,Weekend/Holiday,Mist Cloudy,20.6025,24.336650000000002,88.5417,12.916461,1033.0,2339,3372.0
449,450,2012-03-25,summer,2012,3,Not Holiday,0,Weekend/Holiday,Mist Cloudy,17.9375,21.874399999999998,88.0833,14.791924999999999,1532.0,3464,4996.0
450,451,2012-03-26,summer,2012,3,Not Holiday,1,Workingday,Clear Cloudy,18.279153,21.9375,47.7917,25.50095375,795.0,4763,5558.0
451,452,2012-03-27,summer,2012,3,Not Holiday,2,Workingday,Clear Cloudy,13.256653,15.7827,28.999999999999996,12.541864,531.0,4571,5102.0
452,453,2012-03-28,summer,2012,3,Not Holiday,3,Workingday,Clear Cloudy,19.850847,23.5475,48.125,19.541957,674.0,5024,5698.0
453,454,2012-03-29,summer,2012,3,Not Holiday,4,Workingday,Clear Cloudy,20.260847000000002,24.1152,43.9167,21.41655,834.0,5299,6133.0
454,455,2012-03-30,summer,2012,3,Not Holiday,5,Workingday,Mist Cloudy,15.17,18.78105,58.0833,9.250489,796.0,4663,5459.0
455,456,2012-03-31,summer,2012,3,Not Holiday,6,Weekend/Holiday,Mist Cloudy,17.390847,21.0854,73.83330000000001,16.791338999999997,2266.75,3934,6200.75
456,457,2012-04-01,summer,2012,4,Not Holiday,0,Weekend/Holiday,Mist Cloudy,17.459153,20.86435,67.625,11.541889,2266.75,3694,5960.75
457,458,2012-04-02,summer,2012,4,Not Holiday,1,Workingday,Clear Cloudy,17.790433,21.37565,50.4348,20.913313,1208.0,4728,5936.0
458,459,2012-04-03,summer,2012,4,Not Holiday,2,Workingday,Clear Cloudy,19.133347,23.07415,39.6667,6.708911,1348.0,5424,6772.0
459,460,2012-04-04,summer,2012,4,Not Holiday,3,Workingday,Clear Cloudy,22.208347,26.6725,46.958299999999994,12.125325,1058.0,5378,6436.0
460,461,2012-04-05,summer,2012,4,Not Holiday,4,Workingday,Clear Cloudy,17.835,21.55815,37.416700000000006,14.708443,1192.0,5265,6457.0
461,462,2012-04-06,summer,2012,4,Not Holiday,5,Workingday,Clear Cloudy,16.536653,19.538349999999998,37.7083,20.125996,1807.0,4653,6460.0
462,463,2012-04-07,summer,2012,4,Not Holiday,6,Weekend/Holiday,Clear Cloudy,17.9375,21.306449999999998,25.4167,18.416356999999998,2266.75,3605,5871.75
463,464,2012-04-08,summer,2012,4,Not Holiday,0,Weekend/Holiday,Clear Cloudy,20.5,24.62125,27.5833,15.583931999999999,2230.0,2939,5169.0
464,465,2012-04-09,summer,2012,4,Not Holiday,1,Workingday,Clear Cloudy,20.055847,23.8319,31.75,23.999132,905.0,4680,5585.0
465,466,2012-04-10,summer,2012,4,Not Holiday,2,Workingday,Clear Cloudy,18.313347,21.81165,43.5,16.708125000000003,819.0,5099,5918.0
466,467,2012-04-11,summer,2012,4,Not Holiday,3,Workingday,Clear Cloudy,14.296536,16.8637,46.9565,19.783358,482.0,4380,4862.0
467,468,2012-04-12,summer,2012,4,Not Holiday,4,Workingday,Clear Cloudy,16.2975,19.3802,46.625,19.458743,663.0,4746,5409.0
468,469,2012-04-13,summer,2012,4,Not Holiday,5,Workingday,Clear Cloudy,18.142500000000002,21.590400000000002,40.8333,10.416557,1252.0,5146,6398.0
469,470,2012-04-14,summer,2012,4,Not Holiday,6,Weekend/Holiday,Clear Cloudy,20.294999999999998,24.3998,50.29169999999999,12.791439,2266.75,4665,6931.75
470,471,2012-04-15,summer,2012,4,Not Holiday,0,Weekend/Holiday,Clear Cloudy,24.873347,28.69375,50.79169999999999,15.083643,2266.75,4286,6552.75
471,472,2012-04-16,summer,2012,4,Not Holiday,1,Weekend/Holiday,Clear Cloudy,27.230846999999997,30.746250000000003,56.166700000000006,19.083543,1198.0,5172,6370.0
472,473,2012-04-17,summer,2012,4,Not Holiday,2,Workingday,Clear Cloudy,24.941653000000002,29.92435,39.0417,18.333143,989.0,5702,6691.0
473,474,2012-04-18,summer,2012,4,Not Holiday,3,Workingday,Mist Cloudy,18.996653,22.8519,56.9167,11.250104,347.0,4020,4367.0
474,475,2012-04-19,summer,2012,4,Not Holiday,4,Workingday,Clear Cloudy,20.431653,24.6523,61.25000000000001,4.417256399999999,846.0,5719,6565.0
475,476,2012-04-20,summer,2012,4,Not Holiday,5,Workingday,Clear Cloudy,21.593347,25.78875,69.4583,10.041357,1340.0,5950,7290.0
476,477,2012-04-21,summer,2012,4,Not Holiday,6,Weekend/Holiday,Clear Cloudy,23.369999999999997,27.14605,68.2917,19.000328999999997,2266.75,4083,6349.75
477,478,2012-04-22,summer,2012,4,Not Holiday,0,Weekend/Holiday,Light Rain/Snow,16.263347,19.4752,83.54169999999999,23.084582,120.0,907,1027.0
478,479,2012-04-23,summer,2012,4,Not Holiday,1,Workingday,Mist Cloudy,13.188346999999998,15.056249999999999,76.66669999999999,20.334232,195.0,3019,3214.0
479,480,2012-04-24,summer,2012,4,Not Holiday,2,Workingday,Clear Cloudy,16.946653,20.26415,45.4167,16.708661,518.0,5115,5633.0
480,481,2012-04-25,summer,2012,4,Not Holiday,3,Workingday,Clear Cloudy,19.543347,23.51585,42.7917,7.959064,655.0,5541,6196.0
481,482,2012-04-26,summer,2012,4,Not Holiday,4,Workingday,Mist Cloudy,20.431653,24.17915,75.66669999999999,11.833875,475.0,4551,5026.0
482,483,2012-04-27,summer,2012,4,Not Holiday,5,Workingday,Clear Cloudy,18.7575,22.63185,40.0833,23.291411,1014.0,5219,6233.0
483,484,2012-04-28,summer,2012,4,Not Holiday,6,Weekend/Holiday,Mist Cloudy,15.443347,18.8752,48.9583,8.708325,1120.0,3100,4220.0
484,485,2012-04-29,summer,2012,4,Not Holiday,0,Weekend/Holiday,Clear Cloudy,18.791653,22.50605,58.7083,7.8328359999999995,2229.0,4075,6304.0
485,486,2012-04-30,summer,2012,4,Not Holiday,1,Workingday,Mist Cloudy,19.030847,22.8848,56.99999999999999,11.499746,665.0,4907,5572.0
486,487,2012-05-01,summer,2012,5,Not Holiday,2,Workingday,Mist Cloudy,25.146653,28.85105,65.95830000000001,10.458432,653.0,5087,5740.0
487,488,2012-05-02,summer,2012,5,Not Holiday,3,Workingday,Clear Cloudy,23.130847,26.894800000000004,79.7083,9.249885999999998,667.0,5502,6169.0
488,489,2012-05-03,summer,2012,5,Not Holiday,4,Workingday,Mist Cloudy,22.96,26.862099999999998,76.83330000000001,8.957632,764.0,5657,6421.0
489,490,2012-05-04,summer,2012,5,Not Holiday,5,Workingday,Clear Cloudy,25.7275,29.54585,73.54169999999999,10.916846,1069.0,5227,6296.0
490,491,2012-05-05,summer,2012,5,Not Holiday,6,Weekend/Holiday,Mist Cloudy,25.488346999999997,29.2304,75.66669999999999,10.250464,2266.75,4387,6653.75
491,492,2012-05-06,summer,2012,5,Not Holiday,0,Weekend/Holiday,Mist Cloudy,23.0625,27.336850000000002,74.0,10.041893,2135.0,4224,6359.0
492,493,2012-05-07,summer,2012,5,Not Holiday,1,Workingday,Mist Cloudy,22.037499999999998,26.3571,66.41669999999999,15.458307000000001,1008.0,5265,6273.0
493,494,2012-05-08,summer,2012,5,Not Holiday,2,Workingday,Mist Cloudy,23.848347,27.87355,68.58330000000001,19.833942999999998,738.0,4990,5728.0
494,495,2012-05-09,summer,2012,5,Not Holiday,3,Workingday,Mist Cloudy,23.575,27.65125,74.4167,14.499604,620.0,4097,4717.0
495,496,2012-05-10,summer,2012,5,Not Holiday,4,Workingday,Clear Cloudy,20.739152999999998,24.58915,55.2083,21.042220999999998,1026.0,5546,6572.0
496,497,2012-05-11,summer,2012,5,Not Holiday,5,Workingday,Clear Cloudy,21.866653,26.04165,36.0417,15.874779,1319.0,5711,7030.0
497,498,2012-05-12,summer,2012,5,Not Holiday,6,Weekend/Holiday,Clear Cloudy,23.130847,27.24085,48.0417,8.249911,2266.75,4807,7073.75
498,499,2012-05-13,summer,2012,5,Not Holiday,0,Weekend/Holiday,Clear Cloudy,25.1125,29.2619,57.62500000000001,15.082839,2172.0,3946,6118.0
499,500,2012-05-14,summer,2012,5,Not Holiday,1,Workingday,Mist Cloudy,23.506653,27.495000000000005,78.95830000000001,14.250364,342.0,2501,2843.0
500,501,2012-05-15,summer,2012,5,Not Holiday,2,Workingday,Mist Cloudy,25.078346999999997,28.8202,79.45830000000001,9.875264,625.0,4490,5115.0
501,502,2012-05-16,summer,2012,5,Not Holiday,3,Workingday,Clear Cloudy,26.103347,29.798750000000002,69.7917,8.208304,991.0,6433,7424.0
502,503,2012-05-17,summer,2012,5,Not Holiday,4,Workingday,Clear Cloudy,24.326653,28.630650000000003,52.0,15.374825000000001,1242.0,6142,7384.0
503,504,2012-05-18,summer,2012,5,Not Holiday,5,Workingday,Clear Cloudy,23.130847,27.55605,52.33330000000001,9.166739,1521.0,6118,7639.0
504,505,2012-05-19,summer,2012,5,Not Holiday,6,Weekend/Holiday,Clear Cloudy,24.599999999999998,28.345399999999998,45.625,5.626325,2266.75,4884,7150.75
505,506,2012-05-20,summer,2012,5,Not Holiday,0,Weekend/Holiday,Clear Cloudy,25.454152999999998,29.19835,53.041700000000006,17.042589,2266.75,4425,6691.75
506,507,2012-05-21,summer,2012,5,Not Holiday,1,Workingday,Mist Cloudy,24.531653,28.283350000000002,81.125,15.624668,630.0,3729,4359.0
507,508,2012-05-22,summer,2012,5,Not Holiday,2,Workingday,Mist Cloudy,25.215,29.04125,76.5833,7.917189,819.0,5254,6073.0
508,509,2012-05-23,summer,2012,5,Not Holiday,3,Workingday,Mist Cloudy,25.488346999999997,29.230600000000003,77.45830000000001,6.834,766.0,4494,5260.0
509,510,2012-05-24,summer,2012,5,Not Holiday,4,Workingday,Clear Cloudy,26.855,30.335,71.6667,11.584031999999999,1059.0,5711,6770.0
510,511,2012-05-25,summer,2012,5,Not Holiday,5,Workingday,Clear Cloudy,27.880000000000003,31.37645,74.70830000000001,9.41685,1417.0,5317,6734.0
511,512,2012-05-26,summer,2012,5,Not Holiday,6,Weekend/Holiday,Clear Cloudy,28.392500000000002,32.134800000000006,73.25,13.332464,2266.75,3681,5947.75
512,513,2012-05-27,summer,2012,5,Not Holiday,0,Weekend/Holiday,Clear Cloudy,28.29,32.07125,69.7083,14.416457,2266.75,3308,5574.75
513,514,2012-05-28,summer,2012,5,Not Holiday,1,Weekend/Holiday,Clear Cloudy,29.212500000000002,33.965,67.625,13.166907,2266.75,3486,5752.75
514,515,2012-05-29,summer,2012,5,Not Holiday,2,Workingday,Clear Cloudy,29.622500000000002,33.6496,68.45830000000001,19.7918,880.0,4863,5743.0
515,516,2012-05-30,summer,2012,5,Not Holiday,3,Workingday,Mist Cloudy,26.923347,30.55645,67.0,9.000043,745.0,6110,6855.0
516,517,2012-05-31,summer,2012,5,Not Holiday,4,Workingday,Clear Cloudy,27.880000000000003,31.566450000000003,49.2917,13.083693,1100.0,6238,7338.0
517,518,2012-06-01,summer,2012,6,Not Holiday,5,Workingday,Mist Cloudy,26.820847,30.3981,75.5417,15.916720999999999,533.0,3594,4127.0
518,519,2012-06-02,summer,2012,6,Not Holiday,6,Weekend/Holiday,Clear Cloudy,23.916653,28.3144,54.9167,12.499654,2266.75,5325,7591.75
519,520,2012-06-03,summer,2012,6,Not Holiday,0,Weekend/Holiday,Clear Cloudy,24.7025,28.75665,49.3333,12.333829,2266.75,5147,7413.75
520,521,2012-06-04,summer,2012,6,Not Holiday,1,Workingday,Clear Cloudy,24.497500000000002,28.91415,48.7083,19.083811,1071.0,5927,6998.0
521,522,2012-06-05,summer,2012,6,Not Holiday,2,Workingday,Mist Cloudy,22.174153,26.294600000000003,61.3333,14.041525,968.0,6033,7001.0
522,523,2012-06-06,summer,2012,6,Not Holiday,3,Workingday,Clear Cloudy,22.720847,27.1146,61.12499999999999,5.167375,1027.0,6028,7055.0
523,524,2012-06-07,summer,2012,6,Not Holiday,4,Workingday,Clear Cloudy,24.7025,28.4721,56.7083,10.542449999999999,1038.0,6456,7494.0
524,525,2012-06-08,summer,2012,6,Not Holiday,5,Workingday,Clear Cloudy,26.615847000000002,29.8931,46.791700000000006,11.750661000000001,1488.0,6248,7736.0
525,526,2012-06-09,summer,2012,6,Not Holiday,6,Weekend/Holiday,Clear Cloudy,29.144153000000003,32.418350000000004,43.7083,9.667229,2266.75,4790,7056.75
526,527,2012-06-10,summer,2012,6,Not Holiday,0,Weekend/Holiday,Clear Cloudy,29.793346999999997,33.175850000000004,53.833299999999994,8.959307,2224.0,4374,6598.0
527,528,2012-06-11,summer,2012,6,Not Holiday,1,Workingday,Mist Cloudy,29.554153,32.98605,58.791700000000006,13.916771,1017.0,5647,6664.0
528,529,2012-06-12,summer,2012,6,Not Holiday,2,Workingday,Mist Cloudy,26.786653,29.89375,83.3333,14.374581999999998,477.0,4495,4972.0
529,530,2012-06-13,summer,2012,6,Not Holiday,3,Workingday,Clear Cloudy,26.889153,30.55585,58.2083,22.999693,1173.0,6248,7421.0
530,531,2012-06-14,summer,2012,6,Not Holiday,4,Workingday,Clear Cloudy,26.581653000000003,31.219150000000003,56.958299999999994,17.000111,1180.0,6183,7363.0
531,532,2012-06-15,summer,2012,6,Not Holiday,5,Workingday,Clear Cloudy,26.205847000000002,29.9877,58.958299999999994,11.833339,1563.0,6102,7665.0
532,533,2012-06-16,summer,2012,6,Not Holiday,6,Weekend/Holiday,Clear Cloudy,25.898346999999998,29.735400000000002,50.416700000000006,11.166689,2266.75,4739,7005.75
533,534,2012-06-17,summer,2012,6,Not Holiday,0,Weekend/Holiday,Clear Cloudy,24.2925,28.59875,59.875,9.708568,2266.75,4344,6610.75
534,535,2012-06-18,summer,2012,6,Not Holiday,1,Workingday,Mist Cloudy,23.301652999999998,27.2421,77.79169999999999,11.707982000000001,653.0,4446,5099.0
535,536,2012-06-19,summer,2012,6,Not Holiday,2,Workingday,Clear Cloudy,28.221653,32.7346,69.0,9.917139,968.0,5857,6825.0
536,537,2012-06-20,summer,2012,6,Not Holiday,3,Workingday,Clear Cloudy,32.082499999999996,36.04875,59.2083,7.625404,872.0,5339,6211.0
537,538,2012-06-21,fall,2012,6,Not Holiday,4,Workingday,Clear Cloudy,33.039153,37.6271,56.7917,7.958729,778.0,5127,5905.0
538,539,2012-06-22,fall,2012,6,Not Holiday,5,Workingday,Clear Cloudy,31.877499999999998,36.20605,57.375,12.250414000000001,964.0,4859,5823.0
539,540,2012-06-23,fall,2012,6,Not Holiday,6,Weekend/Holiday,Clear Cloudy,29.998347,32.6396,53.4583,12.041307,2266.75,4801,7067.75
540,541,2012-06-24,fall,2012,6,Not Holiday,0,Weekend/Holiday,Clear Cloudy,30.476653000000002,33.7127,47.9167,9.750174999999999,2266.75,4340,6606.75
541,542,2012-06-25,fall,2012,6,Not Holiday,1,Workingday,Clear Cloudy,29.349153,32.7021,50.416700000000006,20.125661,1139.0,5640,6779.0
542,543,2012-06-26,fall,2012,6,Not Holiday,2,Workingday,Clear Cloudy,25.864152999999998,29.7352,37.3333,23.292014,1077.0,6365,7442.0
543,544,2012-06-27,fall,2012,6,Not Holiday,3,Workingday,Clear Cloudy,28.5975,32.0396,36.0,18.208925,1077.0,6258,7335.0
544,545,2012-06-28,fall,2012,6,Not Holiday,4,Workingday,Clear Cloudy,30.715847,33.7756,42.25,11.50055,921.0,5958,6879.0
545,546,2012-06-29,fall,2012,6,Not Holiday,5,Workingday,Clear Cloudy,34.200847,39.33065,48.875,11.082939000000001,829.0,4634,5463.0
546,547,2012-06-30,fall,2012,6,Not Holiday,6,Weekend/Holiday,Clear Cloudy,31.365000000000002,34.3754,60.12499999999999,10.791756999999999,1455.0,4232,5687.0
547,548,2012-07-01,fall,2012,7,Not Holiday,0,Weekend/Holiday,Clear Cloudy,33.449153,37.53145,51.87500000000001,11.291443000000001,1421.0,4110,5531.0
548,549,2012-07-02,fall,2012,7,Not Holiday,1,Workingday,Clear Cloudy,32.048347,35.1019,44.7083,13.082889,904.0,5323,6227.0
549,550,2012-07-03,fall,2012,7,Not Holiday,2,Workingday,Clear Cloudy,32.014153,35.1325,49.2083,8.457878999999998,1052.0,5608,6660.0
550,551,2012-07-04,fall,2012,7,Not Holiday,3,Weekend/Holiday,Clear Cloudy,32.355847,36.61685,53.87499999999999,9.041649999999999,2266.75,4841,7107.75
551,552,2012-07-05,fall,2012,7,Not Holiday,4,Workingday,Clear Cloudy,33.9275,38.06835,45.7917,12.999943,1405.0,4836,6241.0
552,553,2012-07-06,fall,2012,7,Not Holiday,5,Workingday,Clear Cloudy,33.961653,37.62665,45.0833,9.791514,1366.0,4841,6207.0
553,554,2012-07-07,fall,2012,7,Not Holiday,6,Weekend/Holiday,Clear Cloudy,35.328347,40.24565,49.2083,10.958118,1448.0,3392,4840.0
554,555,2012-07-08,fall,2012,7,Not Holiday,0,Weekend/Holiday,Clear Cloudy,33.722500000000004,39.5198,57.375,8.417143,1203.0,3469,4672.0
555,556,2012-07-09,fall,2012,7,Not Holiday,1,Workingday,Mist Cloudy,29.144153000000003,32.7027,68.3333,12.125325,998.0,5571,6569.0
556,557,2012-07-10,fall,2012,7,Not Holiday,2,Workingday,Mist Cloudy,29.554153,33.2398,66.75,10.166379000000001,954.0,5336,6290.0
557,558,2012-07-11,fall,2012,7,Not Holiday,3,Workingday,Clear Cloudy,29.383347,32.51355,63.3333,10.166111,975.0,6289,7264.0
558,559,2012-07-12,fall,2012,7,Not Holiday,4,Workingday,Clear Cloudy,29.349153,32.73415,52.9583,9.833924999999999,1032.0,6414,7446.0
559,560,2012-07-13,fall,2012,7,Not Holiday,5,Workingday,Mist Cloudy,29.998347,33.39665,48.5833,5.41695,1511.0,5988,7499.0
560,561,2012-07-14,fall,2012,7,Not Holiday,6,Weekend/Holiday,Mist Cloudy,28.836653,33.3021,69.91669999999999,9.626493,2266.75,4614,6880.75
561,562,2012-07-15,fall,2012,7,Not Holiday,0,Weekend/Holiday,Clear Cloudy,30.579152999999998,35.259800000000006,71.7917,11.166689,1920.0,4111,6031.0
562,563,2012-07-16,fall,2012,7,Not Holiday,1,Workingday,Clear Cloudy,31.296653000000003,36.206250000000004,64.5,11.000529,1088.0,5742,6830.0
563,564,2012-07-17,fall,2012,7,Not Holiday,2,Workingday,Clear Cloudy,33.551653,37.78415,50.583299999999994,7.666743,921.0,5865,6786.0
564,565,2012-07-18,fall,2012,7,Not Holiday,3,Workingday,Clear Cloudy,32.526652999999996,37.27915,57.7083,9.208614,799.0,4914,5713.0
565,566,2012-07-19,fall,2012,7,Not Holiday,4,Workingday,Clear Cloudy,31.57,35.7321,60.0417,11.083743,888.0,5703,6591.0
566,567,2012-07-20,fall,2012,7,Not Holiday,5,Workingday,Mist Cloudy,27.299153,30.65125,84.4167,14.000789000000001,747.0,5123,5870.0
567,568,2012-07-21,fall,2012,7,Not Holiday,6,Weekend/Holiday,Light Rain/Snow,24.429153,27.495599999999996,86.5417,14.2911,1264.0,3195,4459.0
568,569,2012-07-22,fall,2012,7,Not Holiday,0,Weekend/Holiday,Mist Cloudy,27.3675,31.156250000000004,76.25,6.2926936,2266.75,4866,7132.75
569,570,2012-07-23,fall,2012,7,Not Holiday,1,Workingday,Clear Cloudy,30.408347,34.50085,69.41669999999999,9.291761,1135.0,5831,6966.0
570,571,2012-07-24,fall,2012,7,Not Holiday,2,Workingday,Clear Cloudy,30.784153,35.3225,65.5,14.167418,1140.0,6452,7592.0
571,572,2012-07-25,fall,2012,7,Not Holiday,3,Workingday,Clear Cloudy,29.690847,32.7027,45.0,11.0416,1383.0,6790,8173.0
572,573,2012-07-26,fall,2012,7,Not Holiday,4,Workingday,Clear Cloudy,31.843347,36.96315,59.66669999999999,19.082470999999998,1036.0,5825,6861.0
573,574,2012-07-27,fall,2012,7,Not Holiday,5,Workingday,Clear Cloudy,32.048347,36.71085,59.458299999999994,10.250464,1259.0,5645,6904.0
574,575,2012-07-28,fall,2012,7,Not Holiday,6,Weekend/Holiday,Clear Cloudy,30.989152999999998,34.8802,61.3333,10.542449999999999,2234.0,4451,6685.0
575,576,2012-07-29,fall,2012,7,Not Holiday,0,Weekend/Holiday,Clear Cloudy,29.588347,33.39665,62.375,11.416532,2153.0,4444,6597.0
576,577,2012-07-30,fall,2012,7,Not Holiday,1,Workingday,Clear Cloudy,29.964153,34.24935,66.875,10.292339,1040.0,6065,7105.0
577,578,2012-07-31,fall,2012,7,Not Holiday,2,Workingday,Clear Cloudy,29.246653,33.144800000000004,70.41669999999999,11.083475,968.0,6248,7216.0
578,579,2012-08-01,fall,2012,8,Not Holiday,3,Workingday,Clear Cloudy,29.4175,33.3654,67.75,9.458993,1074.0,6506,7580.0
579,580,2012-08-02,fall,2012,8,Not Holiday,4,Workingday,Clear Cloudy,30.8525,35.354400000000005,65.95830000000001,8.666718,983.0,6278,7261.0
580,581,2012-08-03,fall,2012,8,Not Holiday,5,Workingday,Mist Cloudy,31.399153,36.143350000000005,64.25,14.458064,1328.0,5847,7175.0
581,582,2012-08-04,fall,2012,8,Not Holiday,6,Weekend/Holiday,Clear Cloudy,32.526652999999996,37.56335,61.3333,17.249686,2266.75,4479,6745.75
582,583,2012-08-05,fall,2012,8,Not Holiday,0,Weekend/Holiday,Clear Cloudy,31.535847,36.55395,65.25,19.458206999999998,1707.0,3757,5464.0
583,584,2012-08-06,fall,2012,8,Not Holiday,1,Workingday,Mist Cloudy,30.8525,35.5123,65.4167,8.666718,1233.0,5780,7013.0
584,585,2012-08-07,fall,2012,8,Not Holiday,2,Workingday,Mist Cloudy,30.169152999999998,34.88105,70.375,7.8328359999999995,1278.0,5995,7273.0
585,586,2012-08-08,fall,2012,8,Not Holiday,3,Workingday,Mist Cloudy,30.75,35.385850000000005,67.29169999999999,7.4169,1263.0,6271,7534.0
586,587,2012-08-09,fall,2012,8,Not Holiday,4,Workingday,Clear Cloudy,30.989152999999998,34.9754,62.0417,10.458699999999999,1196.0,6090,7286.0
587,588,2012-08-10,fall,2012,8,Not Holiday,5,Workingday,Mist Cloudy,29.349153,33.3971,71.58330000000001,16.000471,1065.0,4721,5786.0
588,589,2012-08-11,fall,2012,8,Not Holiday,6,Weekend/Holiday,Mist Cloudy,28.392500000000002,31.91335,73.2917,13.834093,2247.0,4052,6299.0
589,590,2012-08-12,fall,2012,8,Not Holiday,0,Weekend/Holiday,Clear Cloudy,28.734153000000003,32.22895,53.041700000000006,8.208304,2182.0,4362,6544.0
590,591,2012-08-13,fall,2012,8,Not Holiday,1,Workingday,Clear Cloudy,29.554153,33.112700000000004,54.541700000000006,9.126204,1207.0,5676,6883.0
591,592,2012-08-14,fall,2012,8,Not Holiday,2,Workingday,Clear Cloudy,29.793346999999997,33.838950000000004,68.6667,11.333586,1128.0,5656,6784.0
592,593,2012-08-15,fall,2012,8,Not Holiday,3,Workingday,Clear Cloudy,28.973347,32.70185,61.9583,11.374657000000001,1198.0,6149,7347.0
593,594,2012-08-16,fall,2012,8,Not Holiday,4,Workingday,Clear Cloudy,29.485847,32.7344,51.916700000000006,9.500332,1338.0,6267,7605.0
594,595,2012-08-17,fall,2012,8,Not Holiday,5,Workingday,Clear Cloudy,29.656653,12.120000000000001,57.0833,15.500718,1483.0,5665,7148.0
595,596,2012-08-18,fall,2012,8,Not Holiday,6,Weekend/Holiday,Clear Cloudy,27.811653,30.903550000000003,60.3333,11.917089,2266.75,5038,7304.75
596,597,2012-08-19,fall,2012,8,Not Holiday,0,Weekend/Holiday,Mist Cloudy,26.069153,30.1777,71.1667,5.79215,1208.0,3341,4549.0
597,598,2012-08-20,fall,2012,8,Not Holiday,1,Workingday,Mist Cloudy,26.069153,29.798350000000003,73.4167,8.708593,1026.0,5504,6530.0
598,599,2012-08-21,fall,2012,8,Not Holiday,2,Workingday,Clear Cloudy,26.615847000000002,30.051250000000003,67.375,4.8756436,1081.0,5925,7006.0
599,600,2012-08-22,fall,2012,8,Not Holiday,3,Workingday,Clear Cloudy,27.3675,31.0927,67.7083,4.708981100000001,1094.0,6281,7375.0
600,601,2012-08-23,fall,2012,8,Not Holiday,4,Workingday,Clear Cloudy,28.529153,31.8504,63.5833,5.6679186,1363.0,6402,7765.0
601,602,2012-08-24,fall,2012,8,Not Holiday,5,Workingday,Mist Cloudy,28.802500000000002,32.355000000000004,61.5,4.8337686,1325.0,6257,7582.0
602,603,2012-08-25,fall,2012,8,Not Holiday,6,Weekend/Holiday,Mist Cloudy,27.128347,30.934800000000003,71.2917,16.375336,1829.0,4224,6053.0
603,604,2012-08-26,fall,2012,8,Not Holiday,0,Weekend/Holiday,Mist Cloudy,26.786653,29.799799999999998,84.5833,15.333486,1483.0,3772,5255.0
604,605,2012-08-27,fall,2012,8,Not Holiday,1,Workingday,Clear Cloudy,28.836653,32.7344,73.04169999999999,8.625110999999999,989.0,5928,6917.0
605,606,2012-08-28,fall,2012,8,Not Holiday,2,Workingday,Clear Cloudy,29.861653,33.3025,62.0,12.791975,935.0,6105,7040.0
606,607,2012-08-29,fall,2012,8,Not Holiday,3,Workingday,Clear Cloudy,28.085,31.786649999999998,55.2083,7.541653999999999,1177.0,6520,7697.0
607,608,2012-08-30,fall,2012,8,Not Holiday,4,Workingday,Clear Cloudy,28.973347,32.63895,59.0417,5.1668189,1172.0,6541,7713.0
608,609,2012-08-31,fall,2012,8,Not Holiday,5,Workingday,Clear Cloudy,31.330847000000002,34.47,58.75,11.291711,1433.0,5917,7350.0
609,610,2012-09-01,fall,2012,9,Not Holiday,6,Weekend/Holiday,Mist Cloudy,30.886653000000003,35.1327,63.8333,7.5835289999999995,2266.75,3788,6054.75
610,611,2012-09-02,fall,2012,9,Not Holiday,0,Weekend/Holiday,Mist Cloudy,28.563347,32.45,81.5,4.2927436,2266.75,3197,5463.75
611,612,2012-09-03,fall,2012,9,Not Holiday,1,Weekend/Holiday,Clear Cloudy,29.0075,33.081450000000004,79.0833,10.125107,1965.0,4069,6034.0
612,613,2012-09-04,fall,2012,9,Not Holiday,2,Workingday,Clear Cloudy,29.759152999999998,34.3444,75.5,15.833507,867.0,5997,6864.0
613,614,2012-09-05,fall,2012,9,Not Holiday,3,Workingday,Clear Cloudy,30.203346999999997,35.44915,74.125,12.583136,832.0,6280,7112.0
614,615,2012-09-06,fall,2012,9,Not Holiday,4,Workingday,Mist Cloudy,28.563347,32.766450000000006,81.0417,9.542207,611.0,5592,6203.0
615,616,2012-09-07,fall,2012,9,Not Holiday,5,Workingday,Clear Cloudy,28.836653,32.8602,73.625,11.500282,1045.0,6459,7504.0
616,617,2012-09-08,fall,2012,9,Not Holiday,6,Weekend/Holiday,Mist Cloudy,27.025847,30.556050000000003,79.91669999999999,18.833968000000002,1557.0,4419,5976.0
617,618,2012-09-09,fall,2012,9,Not Holiday,0,Weekend/Holiday,Clear Cloudy,25.009999999999998,28.946250000000003,54.75,15.041232,2266.75,5657,7923.75
618,619,2012-09-10,fall,2012,9,Not Holiday,1,Workingday,Clear Cloudy,23.916653,28.2827,50.375,17.333771000000002,1118.0,6407,7525.0
619,620,2012-09-11,fall,2012,9,Not Holiday,2,Workingday,Clear Cloudy,23.677500000000002,27.7146,52.0,6.1676314,1070.0,6697,7767.0
620,621,2012-09-12,fall,2012,9,Not Holiday,3,Workingday,Clear Cloudy,24.565847,28.50375,57.7083,8.833682,1050.0,6820,7870.0
621,622,2012-09-13,fall,2012,9,Not Holiday,4,Workingday,Clear Cloudy,25.1125,28.9779,63.708299999999994,5.5422936,1054.0,6750,7804.0
622,623,2012-09-14,fall,2012,9,Not Holiday,5,Workingday,Clear Cloudy,25.966653,29.704150000000002,67.25,6.9588209999999995,1379.0,6630,8009.0
623,624,2012-09-15,fall,2012,9,Not Holiday,6,Weekend/Holiday,Clear Cloudy,24.941653000000002,29.29335,50.1667,16.583907,2266.75,5554,7820.75
624,625,2012-09-16,fall,2012,9,Not Holiday,0,Weekend/Holiday,Clear Cloudy,23.779999999999998,28.15625,56.99999999999999,6.042281099999999,2166.0,5167,7333.0
625,626,2012-09-17,fall,2012,9,Not Holiday,1,Workingday,Mist Cloudy,23.814153,27.652500000000003,73.4583,10.166713999999999,1022.0,5847,6869.0
626,627,2012-09-18,fall,2012,9,Not Holiday,2,Workingday,Mist Cloudy,25.556653,28.253349999999998,87.25,23.958329,371.0,3702,4073.0
627,628,2012-09-19,fall,2012,9,Not Holiday,3,Workingday,Clear Cloudy,22.6525,27.0202,53.6667,14.416725,788.0,6803,7591.0
628,629,2012-09-20,fall,2012,9,Not Holiday,4,Workingday,Clear Cloudy,22.413347,26.6096,61.8333,7.917189,939.0,6781,7720.0
629,630,2012-09-21,fall,2012,9,Not Holiday,5,Workingday,Clear Cloudy,24.565847,28.59855,66.875,10.333343000000001,1250.0,6917,8167.0
630,631,2012-09-22,fall,2012,9,Not Holiday,6,Weekend/Holiday,Clear Cloudy,26.650000000000002,30.5244,64.6667,19.000061,2266.75,5883,8149.75
631,632,2012-09-23,winter,2012,9,Not Holiday,0,Weekend/Holiday,Clear Cloudy,21.695847,25.946649999999998,46.7083,14.958286000000001,2266.75,5453,7719.75
632,633,2012-09-24,winter,2012,9,Not Holiday,1,Workingday,Clear Cloudy,21.080847000000002,25.12565,49.2917,9.541068000000001,1001.0,6435,7436.0
633,634,2012-09-25,winter,2012,9,Not Holiday,2,Workingday,Clear Cloudy,22.55,27.208949999999998,56.99999999999999,15.833507,845.0,6693,7538.0
634,635,2012-09-26,winter,2012,9,Not Holiday,3,Workingday,Clear Cloudy,26.035,29.83065,63.083299999999994,16.3748,787.0,6946,7733.0
635,636,2012-09-27,winter,2012,9,Not Holiday,4,Workingday,Mist Cloudy,26.650000000000002,30.398750000000003,69.08330000000001,9.000914,751.0,6642,7393.0
636,637,2012-09-28,winter,2012,9,Not Holiday,5,Workingday,Mist Cloudy,25.385847000000002,29.29315,69.0,10.999993,1045.0,6370,7415.0
637,638,2012-09-29,winter,2012,9,Not Holiday,6,Weekend/Holiday,Clear Cloudy,22.2425,26.5148,54.2917,15.249468,2266.75,5966,8232.75
638,639,2012-09-30,winter,2012,9,Not Holiday,0,Weekend/Holiday,Clear Cloudy,21.593347,25.88315,58.3333,9.042186,2015.0,4874,6889.0
639,640,2012-10-01,winter,2012,10,Not Holiday,1,Workingday,Mist Cloudy,21.354153,25.6,64.9167,6.0838814,763.0,6015,6778.0
640,641,2012-10-02,winter,2012,10,Not Holiday,2,Workingday,Light Rain/Snow,24.224153,27.116649999999996,87.16669999999999,6.9998249999999995,315.0,4324,4639.0
641,642,2012-10-03,winter,2012,10,Not Holiday,3,Workingday,Mist Cloudy,26.9575,29.95665,79.375,4.4585686,728.0,6844,7572.0
642,643,2012-10-04,winter,2012,10,Not Holiday,4,Workingday,Mist Cloudy,26.9575,30.398750000000003,72.2917,7.875582,891.0,6437,7328.0
643,644,2012-10-05,winter,2012,10,Not Holiday,5,Workingday,Clear Cloudy,25.215,29.00935,62.74999999999999,7.12545,1516.0,6640,8156.0
644,645,2012-10-06,winter,2012,10,Not Holiday,6,Weekend/Holiday,Clear Cloudy,22.720847,26.92605,66.41669999999999,17.957675000000002,2266.75,4934,7200.75
645,646,2012-10-07,winter,2012,10,Not Holiday,0,Weekend/Holiday,Mist Cloudy,17.049153,20.99065,70.8333,9.457854000000001,781.0,2729,3510.0
646,647,2012-10-08,winter,2012,10,Not Holiday,1,Weekend/Holiday,Mist Cloudy,15.716652999999999,19.3804,70.9583,12.708492999999999,874.0,4604,5478.0
647,648,2012-10-09,winter,2012,10,Not Holiday,2,Workingday,Mist Cloudy,18.313347,21.9056,76.16669999999999,12.7501,601.0,5791,6392.0
648,649,2012-10-10,winter,2012,10,Not Holiday,3,Workingday,Clear Cloudy,21.080847000000002,25.1571,63.083299999999994,12.584007,780.0,6911,7691.0
649,650,2012-10-11,winter,2012,10,Not Holiday,4,Workingday,Clear Cloudy,17.835,21.55835,46.3333,12.166932000000001,834.0,6736,7570.0
650,651,2012-10-12,winter,2012,10,Not Holiday,5,Workingday,Clear Cloudy,17.9375,21.65355,53.91669999999999,15.751164,1060.0,6222,7282.0
651,652,2012-10-13,winter,2012,10,Not Holiday,6,Weekend/Holiday,Clear Cloudy,16.126653,19.5698,49.4583,9.791514,2252.0,4857,7109.0
652,653,2012-10-14,winter,2012,10,Not Holiday,0,Weekend/Holiday,Clear Cloudy,21.388347,25.4102,64.0417,18.667004000000002,2080.0,4559,6639.0
653,654,2012-10-15,winter,2012,10,Not Holiday,1,Workingday,Mist Cloudy,23.028347,26.9575,70.75,19.834478999999998,760.0,5115,5875.0
654,655,2012-10-16,winter,2012,10,Not Holiday,2,Workingday,Clear Cloudy,19.201653,23.042299999999997,55.833299999999994,12.208807,922.0,6612,7534.0
655,656,2012-10-17,winter,2012,10,Not Holiday,3,Workingday,Clear Cloudy,18.689153,22.5054,69.2917,6.791857,979.0,6482,7461.0
656,657,2012-10-18,winter,2012,10,Not Holiday,4,Workingday,Mist Cloudy,21.4225,25.63125,72.8333,15.874779,1008.0,6501,7509.0
657,658,2012-10-19,winter,2012,10,Not Holiday,5,Workingday,Mist Cloudy,23.096653,26.894800000000004,81.5,9.041917999999999,753.0,4671,5424.0
658,659,2012-10-20,winter,2012,10,Not Holiday,6,Weekend/Holiday,Clear Cloudy,19.850847,23.6421,57.2917,7.874979,2266.75,5284,7550.75
659,660,2012-10-21,winter,2012,10,Not Holiday,0,Weekend/Holiday,Clear Cloudy,19.030847,22.82145,51.0,11.125618000000001,2132.0,4692,6824.0
660,661,2012-10-22,winter,2012,10,Not Holiday,1,Workingday,Clear Cloudy,19.9875,24.1471,56.833299999999994,5.4593811,830.0,6228,7058.0
661,662,2012-10-23,winter,2012,10,Not Holiday,2,Workingday,Clear Cloudy,22.310847,26.5152,64.16669999999999,6.3345686,841.0,6625,7466.0
662,663,2012-10-24,winter,2012,10,Not Holiday,3,Workingday,Clear Cloudy,24.087500000000002,27.93605,63.625,4.8762064,795.0,6898,7693.0
663,664,2012-10-25,winter,2012,10,Not Holiday,4,Workingday,Mist Cloudy,22.55,26.4844,80.0417,8.333125,875.0,6484,7359.0
664,665,2012-10-26,winter,2012,10,Not Holiday,5,Workingday,Mist Cloudy,22.379153000000002,26.137500000000003,80.7083,8.875289,1182.0,6262,7444.0
665,666,2012-10-27,winter,2012,10,Not Holiday,6,Weekend/Holiday,Mist Cloudy,21.73,25.756649999999997,72.0,15.791364000000002,2266.75,5209,7475.75
666,667,2012-10-28,winter,2012,10,Not Holiday,0,Weekend/Holiday,Mist Cloudy,19.5775,23.38855,69.4583,25.50095375,998.0,3461,4459.0
667,668,2012-10-29,winter,2012,10,Not Holiday,1,Workingday,Light Rain/Snow,18.04,21.97,88.0,23.9994,2.0,20,22.0
668,669,2012-10-30,winter,2012,10,Not Holiday,2,Workingday,Mist Cloudy,13.045462,15.49545,82.5455,14.271603,87.0,1009,1096.0
669,670,2012-10-31,winter,2012,10,Not Holiday,3,Workingday,Mist Cloudy,14.657499999999999,18.055,66.6667,11.166689,419.0,5147,5566.0
670,671,2012-11-01,winter,2012,11,Not Holiday,4,Workingday,Mist Cloudy,14.999153000000002,18.4971,58.166700000000006,10.542182,466.0,5520,5986.0
671,672,2012-11-02,winter,2012,11,Not Holiday,5,Workingday,Clear Cloudy,14.555,17.802100000000003,52.208299999999994,17.833725,618.0,5229,5847.0
672,673,2012-11-03,winter,2012,11,Not Holiday,6,Weekend/Holiday,Mist Cloudy,14.076653,16.1923,49.125,18.125443,1029.0,4109,5138.0
673,674,2012-11-04,winter,2012,11,Not Holiday,0,Weekend/Holiday,Clear Cloudy,13.359153,16.4769,53.2917,12.000236,1201.0,3906,5107.0
674,675,2012-11-05,winter,2012,11,Not Holiday,1,Workingday,Clear Cloudy,13.085847,15.403749999999999,49.416700000000006,15.833775000000001,378.0,4881,5259.0
675,676,2012-11-06,winter,2012,11,Not Holiday,2,Workingday,Clear Cloudy,11.514153,14.07835,56.7083,11.625371,466.0,5220,5686.0
676,677,2012-11-07,winter,2012,11,Not Holiday,3,Workingday,Mist Cloudy,12.129153,13.73105,54.75,20.375236,326.0,4709,5035.0
677,678,2012-11-08,winter,2012,11,Not Holiday,4,Workingday,Clear Cloudy,14.439134,17.09455,33.3478,23.304945,340.0,4975,5315.0
678,679,2012-11-09,winter,2012,11,Not Holiday,5,Workingday,Clear Cloudy,14.828347,17.77065,54.0833,14.375386,709.0,5283,5992.0
679,680,2012-11-10,winter,2012,11,Not Holiday,6,Weekend/Holiday,Clear Cloudy,15.955846999999999,19.696849999999998,64.5417,3.8756686,2090.0,4446,6536.0
680,681,2012-11-11,winter,2012,11,Not Holiday,0,Weekend/Holiday,Clear Cloudy,17.254153000000002,21.08565,65.91669999999999,8.5425,2266.75,4562,6828.75
681,682,2012-11-12,winter,2012,11,Not Holiday,1,Weekend/Holiday,Clear Cloudy,19.884999999999998,23.76915,74.16669999999999,11.625639,1097.0,5172,6269.0
682,683,2012-11-13,winter,2012,11,Not Holiday,2,Workingday,Mist Cloudy,14.076653,16.16125,66.29169999999999,22.917082,327.0,3767,4094.0
683,684,2012-11-14,winter,2012,11,Not Holiday,3,Workingday,Clear Cloudy,11.855847,14.07815,55.2083,13.374875,373.0,5122,5495.0
684,685,2012-11-15,winter,2012,11,Not Holiday,4,Workingday,Mist Cloudy,13.188346999999998,16.2246,62.0417,10.250129000000001,320.0,5125,5445.0
685,686,2012-11-16,winter,2012,11,Not Holiday,5,Workingday,Clear Cloudy,14.145,17.3602,52.4583,11.458675000000001,484.0,5214,5698.0
686,687,2012-11-17,winter,2012,11,Not Holiday,6,Weekend/Holiday,Clear Cloudy,13.325000000000001,16.31915,54.541700000000006,12.041843,1313.0,4316,5629.0
687,688,2012-11-18,winter,2012,11,Not Holiday,0,Weekend/Holiday,Clear Cloudy,14.0425,16.8873,69.2917,15.250004,922.0,3747,4669.0
688,689,2012-11-19,winter,2012,11,Not Holiday,1,Workingday,Mist Cloudy,15.614152999999998,18.78105,62.3333,15.749489,449.0,5050,5499.0
689,690,2012-11-20,winter,2012,11,Not Holiday,2,Workingday,Mist Cloudy,15.340847000000002,19.03335,68.5,5.542575,534.0,5100,5634.0
690,691,2012-11-21,winter,2012,11,Not Holiday,3,Workingday,Clear Cloudy,14.486653,18.2446,61.375,6.917482000000001,615.0,4531,5146.0
691,692,2012-11-22,winter,2012,11,Not Holiday,4,Weekend/Holiday,Clear Cloudy,13.940000000000001,17.518549999999998,58.0417,3.5423436,955.0,1470,2425.0
692,693,2012-11-23,winter,2012,11,Not Holiday,5,Workingday,Clear Cloudy,15.101653,18.93895,56.875,9.917407,1603.0,2307,3910.0
693,694,2012-11-24,winter,2012,11,Not Holiday,6,Weekend/Holiday,Clear Cloudy,11.411653,12.4371,40.4583,25.250357,532.0,1745,2277.0
694,695,2012-11-25,winter,2012,11,Not Holiday,0,Weekend/Holiday,Clear Cloudy,10.079153,12.879150000000001,46.8333,10.083499999999999,309.0,2115,2424.0
695,696,2012-11-26,winter,2012,11,Not Holiday,1,Workingday,Clear Cloudy,12.846652999999998,16.950200000000002,53.541700000000006,3.1255499999999996,337.0,4750,5087.0
696,697,2012-11-27,winter,2012,11,Not Holiday,2,Workingday,Mist Cloudy,11.958347,14.0779,78.6667,15.916654,123.0,3836,3959.0
697,698,2012-11-28,winter,2012,11,Not Holiday,3,Workingday,Clear Cloudy,12.163347,14.488100000000001,50.625,14.125007,198.0,5062,5260.0
698,699,2012-11-29,winter,2012,11,Not Holiday,4,Workingday,Clear Cloudy,11.51567,14.921100000000001,55.565200000000004,7.739974,243.0,5080,5323.0
699,700,2012-11-30,winter,2012,11,Not Holiday,5,Workingday,Clear Cloudy,12.231653000000001,16.193350000000002,64.95830000000001,3.9175436,362.0,5306,5668.0
700,701,2012-12-01,winter,2012,12,Not Holiday,6,Weekend/Holiday,Mist Cloudy,12.231653000000001,15.8452,80.6667,4.0001814,951.0,4240,5191.0
701,702,2012-12-02,winter,2012,12,Not Holiday,0,Weekend/Holiday,Mist Cloudy,14.247499999999999,17.9604,82.3333,8.333393000000001,892.0,3757,4649.0
702,703,2012-12-03,winter,2012,12,Not Holiday,1,Workingday,Clear Cloudy,18.552500000000002,22.7898,76.75,5.5422936,555.0,5679,6234.0
703,704,2012-12-04,winter,2012,12,Not Holiday,2,Workingday,Clear Cloudy,19.509153,23.4527,73.375,11.666643,551.0,6055,6606.0
704,705,2012-12-05,winter,2012,12,Not Holiday,3,Workingday,Clear Cloudy,17.971653,21.4006,48.5,21.709407,331.0,5398,5729.0
705,706,2012-12-06,winter,2012,12,Not Holiday,4,Workingday,Clear Cloudy,10.489152999999998,12.9102,50.875,11.708518,340.0,5035,5375.0
706,707,2012-12-07,winter,2012,12,Not Holiday,5,Workingday,Mist Cloudy,13.154152999999999,16.097900000000003,76.4167,8.7502,349.0,4659,5008.0
707,708,2012-12-08,winter,2012,12,Not Holiday,6,Weekend/Holiday,Mist Cloudy,15.648347,19.4754,91.125,6.792393,1153.0,4429,5582.0
708,709,2012-12-09,winter,2012,12,Not Holiday,0,Weekend/Holiday,Mist Cloudy,15.750846999999998,19.5073,90.5417,10.584325,441.0,2787,3228.0
709,710,2012-12-10,winter,2012,12,Not Holiday,1,Workingday,Mist Cloudy,17.869153,21.77875,92.5,12.750636,329.0,4841,5170.0
710,711,2012-12-11,winter,2012,12,Not Holiday,2,Workingday,Mist Cloudy,14.486653,16.91815,59.66669999999999,19.834478999999998,282.0,5219,5501.0
711,712,2012-12-12,winter,2012,12,Not Holiday,3,Workingday,Mist Cloudy,12.1975,14.8669,53.833299999999994,10.916779,310.0,5009,5319.0
712,713,2012-12-13,winter,2012,12,Not Holiday,4,Workingday,Clear Cloudy,12.129153,14.7094,48.5833,11.666643,425.0,5107,5532.0
713,714,2012-12-14,winter,2012,12,Not Holiday,5,Workingday,Clear Cloudy,11.548347,14.7096,64.29169999999999,8.792343,429.0,5182,5611.0
714,715,2012-12-15,winter,2012,12,Not Holiday,6,Weekend/Holiday,Clear Cloudy,13.290847,16.91915,65.0417,7.12545,767.0,4280,5047.0
715,716,2012-12-16,winter,2012,12,Not Holiday,0,Weekend/Holiday,Mist Cloudy,14.862499999999999,18.4969,83.875,6.749714,538.0,3248,3786.0
716,717,2012-12-17,winter,2012,12,Not Holiday,1,Workingday,Mist Cloudy,16.126653,20.075000000000003,90.7083,6.583306100000001,212.0,4373,4585.0
717,718,2012-12-18,winter,2012,12,Not Holiday,2,Workingday,Clear Cloudy,16.844153,20.485400000000002,66.625,14.834067999999998,433.0,5124,5557.0
718,719,2012-12-19,winter,2012,12,Not Holiday,3,Workingday,Clear Cloudy,13.6325,17.1081,62.5417,12.334164000000001,333.0,4934,5267.0
719,720,2012-12-20,winter,2012,12,Not Holiday,4,Workingday,Mist Cloudy,13.530000000000001,16.760849999999998,66.79169999999999,8.875021,314.0,3814,4128.0
720,721,2012-12-21,spring,2012,12,Not Holiday,5,Workingday,Mist Cloudy,13.393346999999999,15.08835,55.666700000000006,25.083661000000003,221.0,3402,3623.0
721,722,2012-12-22,spring,2012,12,Not Holiday,6,Weekend/Holiday,Clear Cloudy,10.899153,11.80565,44.125,25.50095375,205.0,1544,1749.0
722,723,2012-12-23,spring,2012,12,Not Holiday,0,Weekend/Holiday,Clear Cloudy,10.079153,12.97355,51.5417,8.916561,408.0,1379,1787.0
723,724,2012-12-24,spring,2012,12,Not Holiday,1,Workingday,Mist Cloudy,9.483464,12.945,79.1304,5.1744368000000005,174.0,746,920.0
724,725,2012-12-25,spring,2012,12,Not Holiday,2,Weekend/Holiday,Mist Cloudy,11.943464,14.723249999999998,73.47829999999999,11.304642,440.0,573,1013.0
725,726,2012-12-26,spring,2012,12,Not Holiday,3,Workingday,Light Rain/Snow,9.976652999999999,11.01665,82.3333,21.208582,9.0,432,441.0
726,727,2012-12-27,spring,2012,12,Not Holiday,4,Workingday,Mist Cloudy,10.420846999999998,11.3321,65.29169999999999,23.458911,247.0,1867,2114.0
727,728,2012-12-28,spring,2012,12,Not Holiday,5,Workingday,Mist Cloudy,10.386652999999999,12.7523,59.0,10.416557,644.0,2451,3095.0
728,729,2012-12-29,spring,2012,12,Not Holiday,6,Weekend/Holiday,Mist Cloudy,10.386652999999999,12.120000000000001,75.29169999999999,8.333661,159.0,1182,1341.0
729,730,2012-12-30,spring,2012,12,Not Holiday,0,Weekend/Holiday,Clear Cloudy,10.489152999999998,11.584999999999999,48.3333,23.500518,364.0,1432,1796.0
730,731,2012-12-31,spring,2012,12,Not Holiday,1,Workingday,Mist Cloudy,8.849153,11.17435,57.75,10.374682,439.0,2290,2729.0
